id;artist_name;artist_popularity;artist_followers;artist_genres
00Nnsh2ykMBYnCDsSFGXSY;Earl Klugh;51;98263;jazz guitar,smooth jazz
01QTIT5P1pFP3QnnFSdsJf;Lupe Fiasco;70;1375115;chicago rap,conscious hip hop,gangster rap,hip hop,pop rap,rap,southern hip hop
01UzgUtDa2NqWuvUjrrl3p;Heitor Villa-Lobos;48;46097;brazilian composition,classical,early modern classical,latin classical,neoclassicism
01aC2ikO4Xgb2LUpf9JfKp;Gary Clark Jr.;64;669283;blues rock,electric blues,funk,garage rock,modern blues,modern blues rock,rock,soul blues,texas blues
03YhcM6fxypfwckPCQV8pQ;Wes Montgomery;56;143392;bebop,contemporary post-bop,cool jazz,hard bop,jazz,jazz fusion,jazz guitar,soul jazz
0405vQf1OWX5FCqlOTmIP7;Dave O'Donnell;18;13;
04HwdlOSZ8Rnmp4D3vyjI2;Nigel Hall;37;5982;modern funk,new orleans funk
05YVYeV4HxYp5rrWalvuE1;Grover Washington, Jr.;60;128712;jazz funk,smooth jazz
05oH07COxkXKIMt6mIPRee;Brandy;70;1655418;dance pop,hip hop,hip pop,neo soul,pop,pop rap,r&b,urban contemporary
073AjXFaMayG50bDyAopud;Lee Moses;41;19212;southern soul
07d5etnpjriczFBB8pxmRe;BJ The Chicago Kid;70;293164;alternative r&b,chicago rap,deep pop r&b,hip hop,indie r&b,indie soul,neo soul,rap,southern hip hop,underground hip hop
08YadB7oKIN5eIRT7y6xLN;Stephanie McKay;33;2800;
09hVIj6vWgoCDtT03h8ZCa;A Tribe Called Quest;71;1202211;alternative hip hop,conscious hip hop,east coast hip hop,gangster rap,hardcore hip hop,hip hop,jazz rap,queens hip hop,rap
0AD4odMWVQ2wUSlgxOB5Rl;Jeff Beck;58;419364;album rock,art rock,blues,blues rock,british blues,classic rock,electric blues,hard rock,instrumental rock,jazz fusion,psychedelic rock,rock,roots rock,symphonic rock
0AepkoQhYvkjEzzwIcGxdV;Jacob Banks;65;281066;indie r&b,uk contemporary r&b
0CUpzKPDfIVzYqMn47jiV3;Curtis Harding;55;111258;funk,soul
0D3h8NZqNp7BN97JwtV6eW;Tigran Hamasyan;48;75886;contemporary jazz,jazz piano,modern jazz piano
0F3Aew9DSd6fb6192K1K0Y;Keith Jarrett;60;195358;contemporary jazz,contemporary post-bop,cool jazz,ecm-style jazz,jazz,jazz fusion,jazz piano
0FMucZsEnCxs5pqBjHjIc8;Stan Getz;68;248184;adult standards,bebop,bossa nova,cool jazz,jazz,jazz saxophone,latin jazz,vocal jazz
0FPWyyf6MD4QZTj3aypD3O;We Are KING;39;24599;neo r&b
0FrpdcVlJQqibaz5HfBUrL;Rick James;63;676053;disco,funk,motown,post-disco,quiet storm,soul,synth funk
0HU0U9kdXEHZVxUNbuQe8S;Donny Hathaway;63;328651;chicago soul,classic soul,funk,motown,neo soul,quiet storm,soul,southern soul,vocal jazz
0HWuonL171C0P8kDgweL4B;Walter Hendl;18;24;
0IVcLMMbm05VIjnzPkGCyp;J Dilla;62;380074;alternative hip hop,detroit hip hop,hip hop
0Io9fKTUGm2NhVhIOQuYds;Oswaldinho;30;1386;forro,forro tradicional
0IwfuIL3gUJxjzUqY3wJ3j;Billy Cobham;45;68156;jazz drums,jazz funk,jazz fusion
0JCxGVxsISZzJHJPUOtceB;Tower Of Power;54;185164;funk,jazz funk,jazz fusion,modern funk
0JM134st8VY7Ld9T2wQiH0;Coleman Hawkins;51;84580;bebop,big band,contemporary post-bop,cool jazz,hard bop,jazz,jazz saxophone,soul jazz,stride,swing,vocal jazz
0JbqyQSsMK7TavqlR0yNON;Bobbi Humphrey;41;31391;funk,jazz flute,jazz funk,soul jazz
0K9pSmFx0kWESA9jqx8aCW;Gaby Moreno;62;55752;guatemalan pop,rock chapin
0Ku5VBNL7cfGXRhp2BxXEQ;Charles Dutoit;59;2413;classical performance,orchestral performance
0Lj0QrdoNswo2w8NOP9CAH;Shaz Sheferd;5;0;
0Mz5XE0kb1GBnbLQm2VbcO;Mos Def;67;857529;alternative hip hop,conscious hip hop,east coast hip hop,gangster rap,hardcore hip hop,hip hop,rap,southern hip hop
0N41KJ4H6bkPAm2tx7VS8C;Anna Wise;58;44982;alternative r&b,escape room,indie r&b,indie soul
0N5PyKJzS3M1XNlaCL7bbE;Wilson Pickett;61;378488;brill building pop,classic rock,classic soul,folk rock,funk,memphis soul,motown,rock-and-roll,soul,southern soul
0NSO0g40h9CTj13hKPskeb;Ibrahim Maalouf;59;168946;arabic jazz,french jazz,jazz trumpet
0ONHkAv9pCAFxb0zJwDNTy;Pusha T;74;1630015;gangster rap,hip hop,pop rap,rap,southern hip hop,trap,underground hip hop
0OoOBeRsejOlI6XucsBAXP;James Poyser;35;949;
0PDqlUGugF5Jt6DZyATvfz;Betty Wright;55;143860;classic soul,funk,motown,quiet storm,soul,southern soul
0PFtn5NtBbbUNbU9EAmIWF;TOTO;76;1464500;album rock,classic rock,mellow gold,rock,soft rock,yacht rock
0PaGaCXtn1dCzR0hZwy3iX;Datcha;11;23;
0QJIPDAEDILuo8AIq3pMuU;M.I.A.;68;895538;art pop,dance pop,escape room,new rave
0QWrMNukfcVOmgEU0FEDyD;Jacob Collier;64;242685;indie soul,uk alternative pop
0RSWHhBUwW7lhCqXqxKxWN;Cartola;57;324306;bossa nova,forro,mpb,pagode,samba,velha guarda
0SPbho0MYZZGtCWNLr4SPV;Logan Richardson;18;3121;contemporary jazz
0SUcDzBzEoBg9ehXUXCx36;Aline Morena;9;202;
0SlNRZ8zBLAgyB1lsoYxAa;Gewandhausorchester Leipzig;57;10150;classical performance,orchestra
0TkqXdyWLsssJH7okthMPQ;Jay Electronica;62;148784;alternative hip hop,conscious hip hop,hip hop,psychedelic hip hop,rap,southern hip hop,underground hip hop
0VSgciOd32tP2Yna1w4vDr;Baden Powell;51;93349;bossa nova,brazilian composition,brazilian jazz,choro,forro,jazz guitar,mpb,samba,velha guarda,violao
0VVnWF3KNaa5O7ESohKhAx;Salif Keita;51;81427;afropop,malian blues,mande pop,world
0Vz0vgVrclNJlHBLrgjklY;Kenny Garrett;41;38642;bebop,contemporary jazz,contemporary post-bop,cool jazz,hard bop,jazz,jazz fusion,jazz saxophone
0W498bDDNlJIrYMKXdpLHA;Roberta Flack;66;534790;adult standards,classic soul,disco,funk,mellow gold,motown,quiet storm,soft rock,soul,vocal jazz
0WZ7IgzdjPvwFdjDjjuZm7;Esther Phillips;46;27256;classic soul,jazz blues,rhythm and blues,soul
0WwfgjL5zKfZV3WTlmmoKk;The Metropole Orchestra;22;1034;
0Z5FMozvx15nUSUA6a9kkU;The Comet Is Coming;48;80183;british jazz,chamber psych,indie jazz
0ZS8ggGhsmKeyF5GUL2RWg;Wayne Vaughn;12;13;
0ZqhrTXYPA9DZR527ZnFdO;Wayne Shorter;52;126679;avant-garde jazz,bebop,contemporary jazz,contemporary post-bop,cool jazz,free jazz,hard bop,jazz,jazz funk,jazz fusion,jazz saxophone,soul jazz,vocal jazz
0asVlqTLu3TimnYVyY5Jxi;Tune-Yards;49;175571;art pop,chamber pop,escape room,experimental pop,freak folk,indie pop,indie rock,one-person band
0bzfPKdbXL5ezYW2z3UGQj;Michael Kiwanuka;70;785761;british soul,funk,neo soul,soul
0ctjXj4AKsMtj6Tsm0JzSj;Shai Maestro;38;14853;contemporary jazz,ecm-style jazz,israeli jazz
0cxXnDhpgxcMMkKddhORHY;Gustavo Dudamel;50;39895;classical performance,orchestral performance
0du5cEVh5yTK9QJze8zA0C;Bruno Mars;89;25203838;pop,post-teen pop
0eRbECAGCLLiTyVXPBRexU;Jon Batiste;50;48393;new orleans jazz
0eV7uNHXarEGKmDzr5jPxp;The Family;49;4405;
0f8MDDzIc6M4uH1xH0o0gy;Robert Johnson;53;393328;acoustic blues,blues,blues rock,delta blues,traditional blues
0fA0VVWsXO9YnASrzqfmYu;Kid Cudi;87;3724483;hip hop,pop rap,rap
0fTHKjepK5HWOrb2rkS5Em;Freddie Hubbard;51;108295;avant-garde jazz,bebop,big band,contemporary jazz,contemporary post-bop,cool jazz,free jazz,hard bop,jazz,jazz funk,jazz fusion,jazz trumpet,soul jazz,vocal jazz
0fTav4sBLmYOAzKuJw0grL;Mac Ayres;66;260625;alternative r&b,indie r&b
0ffXbLm7KIcfu3M1ee0UkP;Algebra Blessett;33;33901;neo soul
0gdEDrF1Fve7FIBYcmX7W4;Kelly Finnigan;40;6693;neo soul
0hDjKSKjl1DC7ovYTDJHe8;Bruno Major;71;359245;indie r&b,pop
0hEurMDQu99nJRq8pTxO14;John Mayer;84;4534072;neo mellow,pop,pop rock,singer-songwriter
0hPar6ePAELiu9rYMdvMEo;Alcione;62;446220;axe,mpb,pagode,samba
0huGjMyP507tBCARyzSkrv;YBN Cordae;73;1050395;dmv rap,hip hop,pop rap,rap,trap,underground hip hop,vapor trap
0iOVhN3tnSvgDbcg25JoJb;Etta James;69;998956;adult standards,jazz blues,soul,soul blues,torch song,vocal jazz
0id62QV2SZZfvBn9xpmuCl;Aloe Blacc;75;577436;r&b
0jOs0wnXCu1bGGP7kh5uIu;Tim Maia;66;845321;bossa nova,brazilian boogie,brazilian soul,mpb,samba
0k17h0D3J5VfsdmQ1iZtE9;Pink Floyd;83;12140335;album rock,art rock,classic rock,progressive rock,psychedelic rock,rock,symphonic rock
0kEfub5RzlZOB2zGomqVSU;Gil Scott-Heron;58;178499;conscious hip hop,funk,jazz funk,slam poetry,soul
0kbYTNQb4Pb1rPbbaF0pT4;Miles Davis;68;1791609;bebop,contemporary post-bop,cool jazz,hard bop,jazz,jazz fusion,jazz trumpet
0lEssBAxQl2In4RpaB1C2Y;Talib Kweli;61;388214;alternative hip hop,conscious hip hop,east coast hip hop,hardcore hip hop,hip hop,southern hip hop
0lTr2hteHyTLbCmgUpLf8J;Roberto Ribeiro;37;39784;choro,pagode,samba,samba-enredo,velha guarda
0ldU0QJm31y0d6f57R1G2A;Oscar Peterson Trio;61;106961;adult standards,bebop,big band,contemporary post-bop,cool jazz,hard bop,jazz,jazz trio,soul jazz,stride,vocal jazz
0le01dl1WllSHhjEXRl4in;Tamia;66;829058;canadian pop,dance pop,deep pop r&b,hip pop,neo soul,new jack swing,quiet storm,r&b,urban contemporary
0mFoqJiNDtYntypvy6roGR;William Bell;45;38114;classic soul,funk,memphis soul,motown,soul,southern soul
0mpFXzm8CkqkhvN4PLCYkV;Chachi;44;2485;deep tropical house
0oBsnAC3fzYkTHF3bkfNx6;Phony Ppl;59;153810;alternative r&b,indie soul,neo r&b
0oSGxfWSnnOXhD2fKuz2Gy;David Bowie;82;5459641;album rock,art rock,classic rock,dance rock,glam rock,permanent wave,protopunk,rock
0qEcf3SFlpRcb3lK3f2GZI;Grand Funk Railroad;59;524064;album rock,art rock,blues rock,classic rock,country rock,folk rock,hard rock,mellow gold,psychedelic rock,rock,roots rock,soft rock,symphonic rock
0qeCnlpThKmwCQezKhnVQb;Malaya;35;312;
0qmUElN0l9LfpXv3i4qIyR;Uncle Chucc;23;296;
0rS1Y2DkDJhLiaR0MyJyCg;Kneebody;27;16804;contemporary jazz,progressive jazz fusion
0rSTXALHu0EKAawPLBdODH;Marisa Monte;67;1215280;bossa nova,mpb,nova mpb
0si9BxvM2C33fAIkr1pgUc;Charlie Hunter;46;34712;jazz funk,jazz fusion,jazz guitar,soul jazz
0stUqizZGDiDTuHwD5PAxu;Howard Brubeck;11;22;
0t2xdTxRXnffsmpMamH8Ls;Paulinho Da Viola;55;191766;bossa nova,forro,mpb,pagode,samba,velha guarda,violao
0trib6wgWtz8KhGTbhLb5m;Gerson King Combo;24;6674;brazilian soul
0uNEy4544VZq2KOl7BsLuo;Lalah Hathaway;54;250707;neo r&b,neo soul,quiet storm,r&b,soul,urban contemporary
0uZRjholJ0fVC2J9EvnYnj;Meshell Ndegeocello;49;109682;funk,neo soul
0un6YenPxWZ2VW4aFGMupM;Floetry;51;433351;british soul,hip pop,neo soul,new jack swing,quiet storm,r&b,urban contemporary
0vqkz1b2qBkoYrGMj2CUWq;Bobby Womack;60;435894;classic soul,disco,funk,motown,quiet storm,soul,southern soul
0wTdAqanDZiEonTBUmBSQh;Eric Harland;43;5139;contemporary jazz,jazz drums
0xOeVMOz2fVg5BJY3N6akT;Jaden;77;1108775;hip hop,pop,rap
0xRqtLGIVSzXM9yg2wFMLC;Bobby Timmons;34;12133;bebop,contemporary post-bop,cool jazz,hard bop,jazz,jazz piano,soul jazz,stride
0yFvXd36g5sNKYDi0Kkvl8;Elis Regina;65;746055;bossa nova,brazilian jazz,forro,mpb,samba
0yLmsf6RBPYqm6hvFJCPg6;Taylor McFerrin;46;45899;alternative r&b,indie jazz,indie soul,neo r&b,wonky
0z4gvV4rjIZ9wHck67ucSV;Akon;82;2304712;dance pop
0zNTRuF4PDWOt7IGHpGyNc;Lura;38;17817;afropop,morna,world
0zkwdw6CyaF2mNjowEoFHj;The Wardlaw Brothers;21;1999;praise
0zq3sYi5ukAuiDwH27JgY1;Louis Cato;23;451;
11L2rdluUfcxyWcX2feoCm;Sivuca;38;32502;bossa nova,brazilian composition,choro,forro,forro tradicional,jazz accordion,samba,velha guarda
11Y7L6JWkZQkuNIZ8qSxQ0;Baby Rose;24;145;
13dkPjqmbcchm8cXjEJQeP;Glenn Gould;63;152382;classical,classical performance,classical piano
14J0HOWJMaeGAgETgx31Xi;Wyann Vaughn;19;134;
14RXohtx6NiBGFTW8IdmAK;John Scofield;52;107554;contemporary jazz,contemporary post-bop,jazz,jazz blues,jazz funk,jazz fusion,jazz guitar,soul jazz
14nSwnnRivPDPNGGOZjwk6;Bokanté;23;7504;
16GcWuvvybAoaHr0NqT8Eh;Alabama Shakes;66;1329481;alabama indie,indie rock,modern blues rock,rock
174ThXFgQg2VCq9r3m8ceb;Luiz Bonfá;57;32121;bossa nova,brazilian composition,brazilian jazz,jazz guitar,violao
177N2fB1WvNBCQ4epjMQ3O;Quarteto Em Cy;52;38226;bossa nova,mpb
17hR0sYHpx7VYTMRfFUOmY;Maurice Ravel;63;285988;classical,early modern classical,impressionism,neoclassicism,post-romantic era
19KpCg8O15A2eZ416EyFdw;Antonio Sánchez;40;22075;jazz drums
19eLuQmk9aCobbVDHc6eek;Louis Armstrong;73;1989106;adult standards,dixieland,jazz trumpet,new orleans jazz,swing,vocal jazz
19f2JXwlRU26376TCKmp6L;GoGo Penguin;53;130520;british jazz,contemporary jazz,indie jazz,jazztronica,modern jazz trio,nu jazz,progressive jazz fusion
19j0iFmJ5A6CMT0MVZZU4O;Kandace Springs;47;25676;contemporary vocal jazz,vocal jazz
19nFjml2GjS4LuL4NrDa7D;Ed Motta;51;105433;bossa nova,brazilian modern jazz,brazilian soul,mpb,rock nacional brasileiro,samba
19y5MFBH7gohEdGwKM7QsP;Luther Vandross;67;1346172;funk,motown,neo soul,new jack swing,quiet storm,r&b,soul,urban contemporary
1B25oHGZdWQzQJCajIwA3a;Clarice Jensen;62;1969;
1B8AXU6gIIafpyLEpbcv1u;Edwin Starr;54;89000;classic soul,motown,northern soul,quiet storm,soul,southern soul
1BJ3AMFj1KXQnRIpfuRzxI;Banda Magda;23;5526;
1C8UBSZs5rOPfxuxTMS6OI;Maria Rita;61;497854;bossa nova,mpb,nova mpb,pagode,samba
1CYsQCypByMVgnv17qsSbQ;Crosby, Stills, Nash & Young;67;877707;album rock,art rock,blues rock,classic rock,country rock,folk,folk rock,mellow gold,psychedelic rock,rock,roots rock,soft rock,supergroup,traditional folk
1CoZyIx7UvdxT5c8UkMzHd;Jorja Smith;78;1444411;pop,uk contemporary r&b
1EevBGfUh3RSQSGpluxgBm;Joan Baez;59;373567;american folk revival,folk,folk rock,singer-songwriter,traditional folk
1EpyA68dKpjf7jXmQL88Hy;Noname;63;432744;alternative r&b,chicago rap,escape room,hip hop,indie soul,neo soul,rap
1FSHNjMiq1QijpQVkckuAy;Charlie Parker And His Orchestra;28;7983;
1G9G7WwrXka3Z1r7aIDjI7;OutKast;77;1345597;atl hip hop,dirty south rap,hip hop,pop rap,rap,southern hip hop
1GhO4jjafkz7yzMcGjGizT;Tan Dun;46;10411;chinese classical,chinese soundtrack
1HQIztYT50mMS3PZR0qgFk;Toninho Horta;37;27735;bossa nova,brazilian composition,brazilian jazz,choro,jazz guitar,mpb
1LOFaxDBvn3YuvarTldGAe;Gonzaguinha;56;313672;bossa nova,forro,mpb,pagode,samba,velha guarda
1LeVJ5GPeYDOVUjxx1y7Rp;Unknown Mortal Orchestra;67;544121;chillwave,indie pop,indie rock,indie soul,indietronica,kiwi rock,neo-psychedelic,new rave,portland hip hop,psychedelic pop
1NAWG3AngjBXyKbmPaz92D;Sammy Davis Jr.;55;302260;adult standards,easy listening,lounge,swing,vocal jazz
1O3wYcUD08X9yb6J3xaw5M;Kate Tempest;51;124245;lgbtq+ hip hop,slam poetry
1O9iHQjrVuiAYOJFCBeFSl;serpentwithfeet;45;53559;alternative r&b,art pop,escape room,indie r&b
1SL5Lw7u04k4ujOUPazMwF;Dune;42;28;
1ThoqLcyIYvZn7iWbj8fsj;Bill Withers;75;895482;funk,motown,quiet storm,soul
1U1el3k54VvEUzo3ybLPlM;Kali Uchis;78;938615;colombian pop,pop
1VEzN9lxvG6KPR3QQGsebR;Sonny Rollins;55;213908;bebop,big band,contemporary post-bop,cool jazz,free jazz,hard bop,jazz,jazz fusion,jazz saxophone,soul jazz,swing
1VgjAK52kjkQJQQRhTn02t;Moonchild;55;124937;indie jazz,indie soul,neo r&b
1VlMwNs4MtdkqwchStBnLa;Mike Eyia;5;2;
1W8TbFzNS15VwsempfY12H;Charles Mingus;55;294186;avant-garde jazz,bebop,contemporary post-bop,cool jazz,electric bass,free jazz,hard bop,jazz,jazz double bass,jazz fusion
1X9fqdEbrb6E8KjqC09GDJ;Robert Glasper Trio;28;12055;jazz trio
1Xyo4u8uXC1ZmMpatF05PJ;The Weeknd;97;20604127;canadian contemporary r&b,canadian pop,pop
1YfEcTuGvBQ8xSD1f53UnK;Busta Rhymes;75;1458777;east coast hip hop,hardcore hip hop,hip hop,hip pop,pop rap,rap
1YzCsTRb22dQkh9lghPIrp;Billie Holiday;68;1193828;adult standards,jazz blues,lounge,soul,torch song,vocal jazz
1Z8ODXyhEBi3WynYw0Rya6;De La Soul;63;530190;alternative hip hop,east coast hip hop,gangster rap,hardcore hip hop,hip hop,jazz rap,rap
1aTPRuTpqvuPpAps3FhBhe;Victor Bailey;23;9344;electric bass,jazz fusion
1alYy2cCzoMRQOjkmWg26r;Avishai Cohen Trio;35;26920;contemporary jazz,israeli jazz,jazz trio,modern jazz trio
1anyVhU62p31KFi8MEzkbf;Chance the Rapper;84;4808150;chicago rap,conscious hip hop,hip hop,pop rap,rap
1b8kpp4DUwt1hWaxTiWQhD;Gal Costa;63;341986;baile pop,bossa nova,forro,mpb,samba
1bdAJUX6JPsnYHbTl5jbk6;Joan Armatrading;54;139505;folk,folk rock,lilith,mellow gold,new wave pop,singer-songwriter,traditional folk
1bgyxtWjZwA5PQlDsvs9b8;Sarah Vaughan;57;401998;adult standards,bebop,cool jazz,jazz,lounge,soul,swing,torch song,vocal jazz
1c4rxrxy8eDLvMVL1DTiBe;Andra Day;66;281088;r&b
1cPLFQV7MAWQiaDW5SlUMR;Chantae Cann;38;7688;neo r&b
1dfeR4HaWDbWqFHLkxsg1d;Queen;90;25926576;glam rock,rock
1djeOKOhlMmpiF6gyGVUcu;Elena Pinderhughes;41;1934;
1dp5YyefJVa9mkiqa3s50O;Alfredo Rodriguez;38;29048;jazz cubano,latin jazz
1dyGPAYZZHHW6WIqwKN5QF;Chris Thile;57;77439;bluegrass,classical mandolin,indie folk,instrumental bluegrass,mandolin,progressive bluegrass
1evO4fwLsEkkPGq32dCix7;Aaron Taylor;51;32694;alternative r&b,funk,indie jazz,indie r&b,indie soul,neo r&b,soul,uk contemporary r&b
1gIa65d5ICT2xVWiUJ3u27;Tom Zé;52;158063;baile pop,bossa nova,brazilian indie,mpb,musica popular paraense,nova mpb,samba,velha guarda
1gPY6jETlC02stpXOUmSBH;Branford Marsalis;44;38708;bebop,contemporary post-bop,jazz,jazz saxophone,new orleans jazz
1gbXoccc8bjK8eUh92mILy;Buika;54;193194;flamenco
1h2OVSKRdJHnVqyCKqCLkf;?uestlove;35;19749;philly rap
1jonOyRkfkvgd1MUyZtPgj;Alain Caron;31;18424;electric bass,jazz funk,jazz fusion
1jvBVqm4g5Jk8tEmKoYoes;Derrick Hodge;33;9425;neo r&b
1kjO72M26jZkv0aaGxJaov;Eric Benét;55;397752;neo soul,new jack swing,quiet storm,r&b,urban contemporary
1lGt9WgdYGpMnmwGkcCm05;Stanley Clarke;49;83576;electric bass,jazz funk,jazz fusion
1lSrPAosN2VxRO8FhWZ4Jf;Leon Silva;5;2;
1mCHLu4gizrN9PwHxKrJv4;Dominguinhos;52;163947;accordion,baiao,bossa nova,choro,forro,forro tradicional,mpb,pagode,samba,velha guarda
1mZbRiSVb2ExneAlDbBiiT;Lô Borges;51;75797;bossa nova,forro,mpb,samba
1nDqTUspmq8IXhcEZT93iq;Lee Ritenour;51;98033;jazz funk,jazz fusion,jazz guitar,smooth jazz,yacht rock
1ooV8YZC1KbpEcrmI8WH0F;Yebba;69;101622;
1rEOKV6rPetgIU8LroZjAa;Danny Swain Okayplayer;0;1;
1rm6MdPOklmrD3GKevqnt5;Underground Orchestra;13;200;
1roKfaQXcSI7iXPK3s7hHJ;The Martin Family Trio;30;48;
1tP3R35TdPW8BMwmTPOoVZ;Arthur Verocai;44;20175;bossa nova,brazilian jazz,brazilian psychedelic,jazz funk,mpb
1tekMsNLWuWVP0BtAw18c8;Jaimeo Brown Transcendence;12;2373;
1txWOvvuItlRlkB4rM0cUK;Return To Forever;41;54289;art rock,canterbury scene,jazz funk,jazz fusion,progressive rock,symphonic rock
1uLk9teQumztDMDlIv4jwS;Jacob Do Bandolim;35;25010;bossa nova,brazilian composition,choro,forro,samba,velha guarda,violao
1uiEZYehlNivdK3iQyAbye;Tom Misch;76;662727;indie soul
1v1OQb42mLMk1qT3wyiNEu;The Jolly Boys;33;13468;calypso,mento
1wUmdemiR9Dxw8A2el365A;Stalley;48;125165;alternative hip hop,soul flow,underground hip hop
1xU878Z1QtBldR7ru9owdU;Phoenix;68;1575339;alternative dance,dance-punk,indie pop,indie rock,indietronica,modern rock,new rave
1yNOfXGQNGjAynk77wv85x;John Lee Hooker;59;515543;blues,blues rock,classic rock,delta blues,electric blues,memphis blues,soul,traditional blues
1ySUvbTVNE9pyhdzcDxjg4;Iman Omari;55;38189;alternative r&b,indie r&b,neo r&b
1zZjt7cDeeJSLWZYK34r7W;Luiz Melodia;52;239417;bossa nova,brazilian indie,choro,forro,mpb,musica popular paraense,pagode,samba,velha guarda
1ztbuuZdlymbE7XnHlj0nP;Rosa Passos;46;32418;bossa nova,mpb
20ZzK04IeD9EcQE12i2uRa;"Kevin ""K.D."" Davis";50;145;
20qISvAhX20dpIbOOzGK3q;Nas;76;1908260;conscious hip hop,east coast hip hop,gangster rap,hardcore hip hop,hip hop,queens hip hop,rap
20wkVLutqVOYrc0kxFs7rA;Daniel Caesar;80;1946545;canadian contemporary r&b,pop
21SOnTj5ECwVXeBUTRcP3s;Cory Henry;44;91105;jazz organ,retro soul
22KzEvCtrTGf9l6k7zFcdv;Aaron Parks;42;23683;contemporary jazz,contemporary post-bop,ecm-style jazz,indie jazz,jazz fusion,jazz piano,modern jazz piano,uk contemporary jazz
22bE4uQ6baNwSHPVcDxLCe;The Rolling Stones;83;8606400;album rock,british invasion,classic rock,protopunk,rock
23E2hrdvZnKUYpNZRIxhjx;Cassiano;39;25230;brazilian boogie,brazilian hip hop,brazilian soul,mpb,samba
24ZP6P1JgCo65CEJsk2OQ2;Miúcha;48;26193;bossa nova,mpb,samba,velha guarda
24hJWbo98sH84tb0nkeaqy;Michael McDonald;60;254924;mellow gold,quiet storm,soft rock,yacht rock
24icoQNJSEWNu3XvqKBR68;Jordan Rakei;66;197798;alternative r&b,indie jazz,indie r&b,indie soul,neo r&b,neo soul,soul
253GMpCNwx1TJtASNAeDoP;Kurt Rosenwinkel;43;37515;bebop,contemporary jazz,contemporary post-bop,cool jazz,jazz,jazz fusion,jazz guitar
284mnx33IWcymQEpMxyfHl;Modest Mussorgsky;50;37613;late romantic era,russian romanticism
29WzbAQtDnBJF09es0uddn;Corinne Bailey Rae;68;526213;british soul,neo mellow,neo soul,soul
29XOeO6KIWxGthejQqn793;Flying Lotus;64;533835;afrofuturism,alternative hip hop,electronica,escape room,experimental hip hop,glitch,glitch hop,hip hop,intelligent dance music,jazztronica,psychedelic hip hop,wonky
2AL02x65Azh5v7Drur4KNp;Maxim Vengerov;40;24742;classical performance,violin
2AOt5htsbtyaHd5Eq3kl3j;Maxwell;62;1004594;dance pop,funk,hip pop,neo soul,new jack swing,quiet storm,r&b,soul,urban contemporary
2AV6XDIs32ofIJhkkDevjm;Curtis Mayfield;64;677498;chicago soul,classic soul,disco,funk,neo soul,soul
2AdaJlzNcOpdrvMSBN92Wp;Ella Jenkins;36;5065;children's folk,kindie rock,preschool children's music
2CvCyf1gEVhI0mX6aFXmVI;Paul Simon;74;1314546;classic rock,folk,folk rock,mellow gold,permanent wave,rock,roots rock,singer-songwriter,soft rock
2DzRMyWgjuMbYvt5BLbpCo;Anthony Hamilton;64;968397;neo soul,new jack swing,quiet storm,r&b,soul,urban contemporary
2ETJpexAxlTPCT6BXHJG1w;Dom Salvador;21;3869;bossa nova,brazilian jazz,brazilian soul,piano mpb
2EsmKkHsXK0WMNGOtIhbxr;McCoy Tyner;53;78082;avant-garde jazz,bebop,contemporary jazz,contemporary post-bop,cool jazz,free jazz,hard bop,jazz,jazz fusion,jazz piano,soul jazz,stride
2FMOHE79X98yptp4RpPrt7;PJ Morton;59;95133;gospel,indie r&b,indie soul,neo r&b,neo soul,r&b,urban contemporary
2FjkZT851ez950cyPjeYid;Bobby McFerrin;61;123689;a cappella
2FwDTncULUnmANIh7qKa5z;FKJ;72;720274;filter house,indie soul
2GHclqNVjqGuiE5mA7BEoc;Common;67;610851;alternative hip hop,chicago rap,conscious hip hop,gangster rap,hip hop,neo soul,rap,southern hip hop
2GVBp7QyHckoOg7rYkLvrA;George Clinton;60;250643;funk,p funk,soul
2GnVLxaoRbeDnePTgWrE7K;Emotions;8;100;
2Hkut4rAAyrQxRdof7FVJq;Rush;71;1335090;album rock,art rock,canadian metal,classic canadian rock,classic rock,hard rock,metal,progressive rock,rock
2HvyR5FsU37QMqVzIbGwl7;Mercedes Sosa;63;475942;cantautor,folklore argentino,nueva cancion,rock en espanol,rock nacional,trova
2IEnjZsVDEPKUTxNinyqba;Tiffany Gouché;51;22259;
2JRvXPGWiINrnJljNJhG5s;The Meters;58;157294;afrobeat,classic soul,funk,instrumental soul,jazz funk,new orleans funk,soul,southern soul
2JfVCMa3FlvQRlLT5uH9zb;Nancy Wilson;53;116065;adult standards,cool jazz,jazz,lounge,soul,vocal jazz
2JyWXPbkqI5ZJa3gwqVa0c;Craig David;70;563976;british soul,dance pop,pop,pop rap,r&b,tropical house,urban contemporary
2K1iGjjn5wjpOHhpeU9Cy0;Amy Keys;16;244;
2KkoeJkkFr802J5gPjlRGs;Alaíde Costa;29;4770;bossa nova,velha guarda
2Kx7MNY7cI1ENniW7vT30N;Norah Jones;76;2178191;adult standards,contemporary vocal jazz,neo mellow,vocal jazz
2LmyJyCF5V1eQyvHgJNbTn;Leonard Bernstein;65;115348;american modern classical,classical,classical performance,orchestral performance
2Mu5NfyYm8n5iTomuKAEHl;Ms. Lauryn Hill;72;1481332;conscious hip hop,dance pop,hip pop,neo soul,new jersey rap,pop,r&b,urban contemporary
2NOhotupwYbKRNJF7LMDPG;The Jon Spencer Blues Explosion;48;64531;blues rock,garage rock,punk blues
2NP50ENqlZBVRjPjgTpXmz;Foley;1;0;
2NWuUOptHRTogSZghYspAE;Jack Dine;54;1991;
2O2dI9lY9PnWtAa4OlrgMi;Pell;57;77189;deep underground hip hop,indie pop rap,underground hip hop
2OeN0JVfTWYog354hHhQ2S;Paul Jackson, Jr.;46;10666;smooth jazz
2OpXRV68ugAWR3OmsuCyVT;Gemstones;34;5794;
2QOP6zKx1d0gGEtuuXOvJ3;Nick Grant;42;24721;atl hip hop
2QjVv1gkLn8XkQxVndgLHF;Bill Laurance;37;29584;contemporary jazz
2QobOeybSvyibNUGIobnlP;Leland Whitty;36;665;
2QsynagSdAqZj3U9HgDzjD;Bob Marley & The Wailers;84;8130006;reggae
2RP4pPHTXlQpDnO9LvR7Yt;Lianne La Havas;67;550061;british soul,indie r&b,indie soul,neo soul,soul
2ReTnNzaUAM6RgKCtlvMPf;Chick Corea Elektric Band;35;69464;jazz funk,jazz fusion
2SNzxY1OsSCHBLVi77mpPQ;Joe Bonamassa;63;564366;blues rock,electric blues,modern blues,modern blues rock
2STVYmc2T02GlvvWZl7umj;Victor Wooten;47;126290;electric bass,instrumental funk,jazz funk,jazz fusion
2Sqr0DXoaYABbjBo9HaMkM;Sara Bareilles;73;1414090;acoustic pop,lilith,neo mellow,pop,pop rock,post-teen pop
2TI7qyDE0QfyOlnbtfDo7L;Dave Matthews Band;72;1304585;jam band,neo mellow,pop rock
2TSuAchdgVzsAa9wDK1IeT;Julian Lage;46;49906;contemporary jazz,contemporary post-bop,jazz fusion,jazz guitar
2TVn6PQxnrxlIq4F2Vz3Qs;Yuki Numata Resnick;50;534;violin
2U5rLdZ4ARUFcaSYw0shXn;Simón Bolívar Youth Orchestra of Venezuela;37;3522;orchestra
2Uuon75BhnuuxdKLYn4wHn;Eddie Kendricks;48;164574;classic soul,disco,funk,jazz funk,motown,post-disco,quiet storm,soul
2VF421Sz9nBUdNzwqSTp7z;Marion Black;27;1352;traditional soul
2WKdxPFRD7IqZvlIAvhMgY;Fugees;69;750609;east coast hip hop,gangster rap,hip hop,new jersey rap,rap
2WoVwexZuODvclzULjPQtm;Sampha;65;420049;indie r&b,indie soul
2YZyLoL8N0Wb9xBt1NhZWg;Kendrick Lamar;89;14530994;conscious hip hop,hip hop,rap,west coast rap
2YrN95NMDQ1ZopreuIVqHt;Rober;16;4;
2ZofT7n9AlTKf7KDCoHGgD;Luiz Gonzaga;56;264752;accordion,baiao,forro,forro tradicional,mpb,samba,velha guarda
2ZvrvbQNrHKwjT7qfGFFUW;Herbie Hancock;62;423762;bebop,contemporary post-bop,cool jazz,funk,instrumental funk,jazz,jazz funk,jazz fusion,jazz piano
2a4lU7F8toqKpb5v6Ftqya;Theo Katzman;55;40852;retro soul
2aaLAng2L2aWD2FClzwiep;Dream Theater;66;1018194;metal,power metal,progressive metal,progressive rock,rock
2auiVi8sUZo17dLy1HwrTU;Solange;67;1059697;afrofuturism,alternative r&b,art pop,dance pop,electropop,escape room,hip pop,indie soul,neo soul,pop,r&b,urban contemporary
2bIMa1CLaBYQvrzNjb7w0S;Song Bird;29;50;
2bp9eOh1MD4xwxUgFQll36;Grupo Semente;39;1851;
2d0hyoQ5ynDBnkvAbJKORj;Rage Against The Machine;75;3482546;alternative metal,alternative rock,conscious hip hop,funk metal,nu metal,post-grunge,rap metal,rap rock,rock
2dJTa3mUidZAO9sKcY72tK;Ben L'Oncle Soul;57;202180;neo soul
2f6fW5uWhqbEDXDK6IGirN;Abraham Alexander;41;3667;fort worth indie
2g8J4iI5qyYFMVHcpMcSsS;Bernard Wright;36;10491;funk,jazz funk,post-disco
2gCsNOpiBaMNh20jQ5prf0;Buddy Guy;58;566810;blues,blues rock,chicago blues,classic rock,country blues,electric blues,modern blues,soul blues,traditional blues
2gFsmDBM0hkoZPmrO5EdyO;Tedeschi Trucks Band;57;234119;blues rock,electric blues,folk rock,funk,jam band,mellow gold,modern blues,new americana,roots rock
2hGh5VOeeqimQFxqXvfCUf;John Coltrane;67;1108474;bebop,contemporary post-bop,cool jazz,free jazz,jazz,jazz saxophone
2hWr3AjjKOCVmWcwvuT4uM;Angie Stone;57;401309;neo soul,r&b,soul,urban contemporary
2hl0xAkS2AIRAu23TVMBG1;Kansas;70;862264;album rock,art rock,bow pop,classic rock,hard rock,heartland rock,mellow gold,progressive rock,rock,soft rock,symphonic rock
2hsun1GbceH62Hhcj7cp2V;Bridget Kelly;38;34454;deep pop r&b
2i1IdHG5w0wiSmJGoqAGlj;Minnie Riperton;58;187423;classic soul,disco,funk,jazz funk,motown,quiet storm,soul
2it164hfV4gOIjzfGz7Q05;Marilia Medalha;37;1291;
2j5unrF80yCu3AF8MPE2VE;Teresa Cristina;54;66499;bossa nova,forro,modern samba,mpb,pagode,samba,velha guarda
2lbkXLlMyaHxra7bczgRqU;Matt Brewer;23;984;jazz double bass
2lolQgalUvZDfp5vvVtTYV;Tony Bennett;66;526660;adult standards,easy listening,lounge,vocal jazz
2mPxOLZV09pFHffd8iDz18;Rose Gold;26;282;
2n5bvdlJQUAUkhb7F8JbBO;Kenny Wray;23;24;
2nHG1kdJk7ZU3mKEAXRGwa;KCG Josh;31;62;
2nQKUeZeleLGNsJj6WLUXN;Oliver Nelson;44;30915;avant-garde jazz,bebop,big band,contemporary post-bop,cool jazz,free jazz,hard bop,jazz,jazz funk,jazz fusion,jazz saxophone,soul jazz
2nTjd2lNo1GVEfXM3bCnsh;The Teskey Brothers;64;178009;australian americana,funk
2oVwztjpHpJlAvlVVuqVa0;Mongo Santamaria;47;38194;boogaloo,cuban rumba,jazz cubano,latin jazz
2ohBjgFT9V0LRDWO2wF9DJ;Novos Baianos;59;267352;baile pop,bossa nova,brazilian indie,brazilian psychedelic,forro,mpb,samba,samba-rock
2q37Nw8NND2z1T1KU5XVfn;Christian Scott aTunde Adjuah;49;91384;contemporary jazz,contemporary post-bop,cool jazz,experimental jazz,indie jazz,indie soul,jazz,jazz fusion,jazz trumpet,new orleans jazz
2t0C2u952bZklQB5S30Vja;Damien Schmitt;13;541;
2uP6Mer05NJAZypWG5HSiK;My cousin Nicole;41;397;
2uYZJqMXH5Q6xvPU6BPySL;Willy Mason;45;30138;
2v3z0sSTauju6TA1GMqiQj;KinKai;48;2293;manchester hip hop,uk alternative hip hop
2vI9KFm0fwSfPrpEgOeIbq;Brad Mehldau;58;126561;bebop,contemporary jazz,contemporary post-bop,cool jazz,jazz,jazz fusion,jazz piano,modern jazz piano
2vxB3dcYKpHO5eQfYetGxT;Aldir Blanc;46;7204;brazilian composition,choro,roda de samba,samba,velha guarda
2wWBoQpcybsDVpouFubTqZ;Kris Bowers;40;6107;modern jazz piano
2wY79sveU1sp5g7SokKOiI;Sam Smith;89;12672804;pop,post-teen pop,uk pop
2x8KDZdSONA3872CnhaAlX;Styles P;66;370073;battle rap,east coast hip hop,gangster rap,hardcore hip hop,hip hop,pop rap,rap,southern hip hop,trap
2xDc4cU0Rj6YG8SrmAHIy0;Heather Headley;49;40710;neo soul,r&b,urban contemporary
2xMBRdUYQjgJezQ8lNGQq5;Muhsinah;28;7788;
2yQf6b8hxahZaT5dHlWaB1;Raekwon;66;362239;alternative hip hop,east coast hip hop,gangster rap,hardcore hip hop,hip hop,rap,southern hip hop
2yrbLiuBmc9j81lTX3XUuI;The Jacksons;64;837512;disco,funk,motown,quiet storm,soul
2ysnwxxNtSgbb9t1m2Ur4j;George Ezra;78;3093647;folk-pop,neo-singer-songwriter,pop
2z6I01y9cdNA4IlOAIcQED;Howard Tate;31;4779;southern soul
31TPClRtHm23RisEBtV3X7;Justin Timberlake;84;9051660;dance pop,pop
31zQEL3ARiYe63jn3jtM18;Take 6;43;36033;a cappella,christian a cappella,gospel
320TrJub4arztwXRm7kqVO;Dr. John;59;165490;blues,blues rock,classic rock,country rock,electric blues,folk rock,funk,jazz blues,louisiana blues,new orleans blues,piano blues,roots rock,soul
32Jb1X3wSmmoHj2epZReZA;Steve Vai;54;331029;instrumental rock,metal guitar,neo classical metal,progressive metal,shred
32WK2OuP2PG4r7sH7bUfN9;Ronny Jordan;49;22892;acid jazz,jazz funk,smooth jazz
336vr2M3Va0FjyvB55lJEd;D'Angelo;67;876304;alternative r&b,funk,hip hop,indie soul,neo soul,r&b,soul,urban contemporary
34v3bdVwuBmfS7qiT57NMU;"Yo-Yo Ma;Bobby McFerrin";28;1667;
36QJpDe2go2KgaRleHCDTp;Led Zeppelin;82;8982048;album rock,classic rock,hard rock,rock
375zxMmh2cSgUzFFnva0O7;Wynton Marsalis;56;157767;bebop,classical trumpet,contemporary post-bop,cool jazz,hard bop,jazz,jazz trumpet,new orleans jazz,straight-ahead jazz,vocal jazz
37Lr1lIJy824MQIENRUnZn;Kurt Masur;52;3043;classical performance,orchestral performance
38h03gA85YYPeDPd9ER9rT;The O'Jays;62;636711;classic soul,disco,funk,motown,philly soul,post-disco,quiet storm,soul,southern soul,urban contemporary
3AA28KZvwAUcZuOKwyblJQ;Gorillaz;82;5496809;alternative hip hop,art pop
3Ao7NH7lRyQAeKQg2mlTcO;Mahavishnu Orchestra;44;84026;art rock,canterbury scene,instrumental rock,jazz funk,jazz fusion,progressive rock,symphonic rock
3BG0nwVh3Gc7cuT4XdsLtt;Joe Henderson;46;70537;avant-garde jazz,bebop,big band,contemporary jazz,contemporary post-bop,cool jazz,free jazz,hard bop,jazz,jazz funk,jazz fusion,jazz saxophone,soul jazz
3BeQqzKdlARoOd6y30kCO2;Pete Rock;61;201534;alternative hip hop,east coast hip hop,gangster rap,hardcore hip hop,hip hop,jazz boom bap,jazz rap,turntablism
3Bhgbs9kIwl8SuU0eIqN6b;The Crusaders;51;61588;funk,jazz funk,jazz fusion,smooth jazz,soul jazz
3Bnq7jiU506HcPjRgQ43TM;Milton Nascimento;64;408090;bossa nova,forro,mpb,samba
3C1TdpEowpf6AMf7PycuWy;Nate Smith;42;23264;contemporary jazz,indie jazz,neo r&b
3Ces1OJeGOVGcUB0wPaPXJ;Mala Rodríguez;65;324677;latin alternative,latin hip hop,rap latina,spanish hip hop
3DF0ClNOUuvS3gh8V8sRJH;João Bosco;55;199536;bossa nova,choro,forro,mpb,pagode,samba,velha guarda,violao
3DiDSECUqqY1AuBP8qtaIa;Alicia Keys;82;7502951;neo soul,pop,r&b,urban contemporary
3DkK9XA1CI1i7U7ovpAo1G;Joe Zawinul;32;25155;jazz fusion,jazz piano
3EB0uKE2lGw6BB1UFJrONl;George Duke;54;102516;funk,jazz funk,jazz fusion,jazz piano,smooth jazz,soul jazz
3FX6ZjUpCoJOwsxleWx2ci;Kat Wright;35;9324;deep new americana,vermont indie
3GQboECxDT1xqPPWC30p7v;Charlotte Day Wilson;62;106741;alternative r&b,electropop,indie r&b,indie soul,neo soul,soul
3IKV7o6WPphDB7cCWXaG3E;Isaac Hayes;58;385090;classic soul,disco,funk,jazz funk,memphis soul,motown,quiet storm,soul,southern soul
3Ik2TovwBiWawoShYwa4Hh;Pedrito Martinez;42;13603;
3Inrg8cs8oc4q8oPES4a6S;The Five Stairsteps;56;37635;chicago soul,classic soul,motown,soul
3IpQziA6YwD53PQ5xbwgLF;Jóhann Jóhannsson;64;149967;bow pop,compositional ambient,focus,icelandic classical,icelandic experimental,nordic soundtrack,soundtrack
3JLUCojZaHrX2LaUkSj7Ud;Pharoah Sanders;47;54649;avant-garde jazz,bebop,contemporary post-bop,cool jazz,free improvisation,free jazz,hard bop,indie jazz,jazz,jazz funk,jazz saxophone,spiritual jazz
3JsMj0DEzyWc0VDlHuy9Bx;Supertramp;73;1721364;album rock,art rock,classic rock,folk rock,glam rock,mellow gold,piano rock,progressive rock,rock,soft rock
3LokxmaXXZpL7sLZASDzCS;Carlos Lyra;39;16945;bossa nova,brazilian jazz
3NP4jJcW3R6qO6rbtnH0wn;MARO;47;18586;musica portuguesa contemporanea
3NUsiT2JSyaWAnWaXxDzhQ;Dexter Gordon;51;129945;bebop,contemporary post-bop,cool jazz,hard bop,jazz,jazz fusion,jazz saxophone,soul jazz,stride,swing,vocal jazz
3PcMolaGsh2nryvBR2sQOS;Fourplay;51;96449;jazz funk,jazz fusion,smooth jazz
3PhoLpVuITZKcymswpck5b;Elton John;85;5158897;glam rock,mellow gold,piano rock,soft rock
3QTDHixorJelOLxoxcjqGx;SiR;72;322843;alternative r&b,hip hop,indie r&b,la pop,rap
3RwQ26hR2tJtA8F9p2n7jG;The Temptations;72;1691761;adult standards,brill building pop,classic soul,funk,memphis soul,motown,soul
3SKTkAUNa3oUa2rkd8DAyM;MPB4;50;39651;bossa nova,forro,mpb,samba,velha guarda
3Sn9qNHNBzGuMW3b4V6o98;Anthony Weeden;51;252;
3U3C9o6UTYNdEsDckpRyvX;Jaco Pastorius;48;170439;electric bass,jazz,jazz funk,jazz fusion
3UVRliakQfa1pMWIsNuiZ8;Musiq Soulchild;62;751328;dance pop,hip pop,neo soul,quiet storm,r&b,urban contemporary
3UdXt9iWJmKa9Rq481qd4O;Chris Dave and The Drumhedz;33;18944;indie jazz,neo r&b
3VEG6gxFIMfl4Cdog26avS;Bill Evans Trio;57;135724;bebop,contemporary post-bop,cool jazz,hard bop,jazz,jazz fusion,jazz trio,soul jazz,stride
3VNITwohbvU5Wuy5PC6dsI;Kool & The Gang;69;1319244;disco,funk,motown,post-disco,quiet storm,soul
3VtTmCyjrg7SgMXMe5WuRX;Victor Bailey bass/keyboards/vocals,Najee sax,Richard Tee organ,Mike Campbell guitar,Poogie Bell drum program;5;3;
3WbeZvDk1COiO2dEokZqn7;Roy Ayers Ubiquity;53;59946;funk,jazz funk,soul,soul jazz
3WrFJ7ztbogyGnTHbHJFl2;The Beatles;90;16240801;beatlesque,british invasion,classic rock,merseybeat,psychedelic rock,rock
3XxxEq6BREC57nCWXbQZ7o;Jamie Cullum;62;387187;adult standards,contemporary vocal jazz,neo mellow,neo soul,vocal jazz
3Y3xIwWyq5wnNHPp5gPjOW;Kenny Loggins;71;538617;album rock,mellow gold,new wave pop,soft rock,yacht rock
3Y7RZ31TRPVadSFVy1o8os;H.E.R.;82;2517698;pop,r&b
3YR92OLKlvkK5oKNekSqXe;Al Jarreau;58;227124;adult standards,jazz funk,quiet storm,smooth jazz,soft rock,yacht rock
3ZNUlWnJXhcuBaTJGnOO8O;Dela;41;20447;alternative hip hop,ambeat,chillhop,jazz boom bap,jazz rap
3ZotbHeyVQKxQCPDJuQ4SU;Q-Tip;67;385493;alternative hip hop,east coast hip hop,hardcore hip hop,hip hop,neo soul,queens hip hop,southern hip hop
3a8uZ8genkXzPop7JxZUwa;Kevin Williams;20;570;instrumental bluegrass
3aQeKQSyrW4qWr35idm0cy;T-Pain;82;2650073;dance pop,hip hop,pop,pop rap,r&b,rap,southern hip hop,trap,urban contemporary
3aVoqlJOYx31lH1gibGDt3;Babyface;63;635927;dance pop,neo soul,new jack swing,quiet storm,r&b,urban contemporary
3bBWKHfpepPOychRNFzg4q;Al Di Meola;49;82144;flamenco guitar,jazz fusion,jazz guitar
3cyUxCQ4FTSjowdUNaaWnN;Janek Gwizdala;24;8508;electric bass
3dBVyJ7JuOMt4GE9607Qin;T. Rex;65;544797;album rock,art rock,blues rock,classic rock,dance rock,folk rock,glam rock,protopunk,psychedelic rock,rock
3dkbV4qihUeMsqN4vBGg93;Al Green;69;1261469;classic soul,funk,memphis soul,quiet storm,soul,soul blues,southern soul
3eISwXCy8xsH790miZ2t3j;Emon;30;3346;vocaloid
3efXmokrKkaBIk4UhNlgFd;Leddie Garcia;5;4;
3f5VCwd57gZsqMad28jyLV;Maria Bethânia;65;520691;baile pop,bossa nova,forro,mpb,nova mpb,samba,samba de roda,umbanda
3fMbdgg4jU18AjLCKBhRSm;Michael Jackson;84;14650798;pop,r&b,soul
3flF2SJ6De8yPikxEI5bpY;Pedro Mariano;45;73912;mpb
3gMaNLQm7D9MornNILzdSl;Lionel Richie;74;1675631;adult standards,disco,mellow gold,motown,quiet storm,soft rock
3gacryguGmpmCvgPGt2CBI;New York Philharmonic;60;66967;classical,classical performance,orchestra
3gd8FJtBJtkRxdfbTu19U2;Mumford & Sons;78;5665820;modern folk rock,modern rock,stomp and holler,uk americana
3j0pXkwHplzUs61oMH7WP0;Don Dolla;27;432;
3jK9MiCrA42lLAdMGUZpwa;Anderson .Paak;79;1431313;escape room
3juRubM58lmWiBDGBw5wGH;Chen Xie Yang;32;42;
3koiLjNrgRTNbOwViDipeA;Marvin Gaye;77;3364763;classic soul,funk,motown,northern soul,quiet storm,soul
3m7Ej9zfNto7JOsjKsYhEr;The RH Factor;46;49742;contemporary jazz,funk,indie jazz,indie soul,jazz funk,jazz fusion,neo r&b,neo soul
3nFkdlSjzX9mRTtwJOzDYB;JAY-Z;86;5273940;east coast hip hop,hip hop,pop rap,rap
3nnQpaTvKb5jCQabZefACI;Jeff Buckley;66;645082;alternative rock,melancholia,permanent wave,rock,singer-songwriter
3opwmnG4l9uJXwdVxsT9YT;Sean Eric;5;0;
3pO5VjZ4wOHCMBXOvbMISG;Antônio Carlos Jobim;70;376069;adult standards,bossa nova,brazilian jazz,latin classical,mpb,violao
3pOfWINUxMN6ntbayQt85j;Hadrien Feraud;23;5384;electric bass
3plJVWt88EqjvtuB4ZDRV3;Ben E. King;67;330700;adult standards,brill building pop,motown,rock-and-roll,soul,southern soul
3pvRbmrqOyFxB2Eext4Dki;Sons Of Kemet;40;59108;afrofuturism,british jazz,contemporary jazz,indie jazz,progressive jazz fusion
3qBKjEOanahMxlRojwCzhI;Zacari;69;54504;gqom
3qUMmh5biaB5hqpF4LqS3m;Julie London;59;197600;adult standards,easy listening,lounge,soul,swing,torch song,vocal jazz
3qnGvpP8Yth1AqSBMqON5x;Leon Bridges;77;996608;modern blues,soul
3rxIQc9kWT6Ueg4BhnOwRK;Quincy Jones;60;178526;adult standards,disco,funk,jazz funk,motown,quiet storm,soul
3rxeQlsv0Sc2nyYaZ5W71T;Chet Baker;67;580030;adult standards,bebop,cool jazz,jazz,jazz trumpet,lounge,vocal jazz
3sO8muEXafy2NGwUZByrTr;Cody Chesnutt;53;33519;funk
3sRX2AuJCF5rblkGm2wMSM;Jazzmeia Horn;32;14760;contemporary vocal jazz,vocal jazz
3t58jfUhoMLYVO14XaUFLA;Pat Metheny;57;201488;avant-garde jazz,contemporary jazz,contemporary post-bop,cool jazz,jazz,jazz fusion,jazz guitar
3uaHfXYx9Fh4HjqMbrWn5S;Joshua Redman;51;65404;bebop,contemporary jazz,contemporary post-bop,cool jazz,hard bop,indie jazz,jazz,jazz funk,jazz fusion,jazz saxophone,straight-ahead jazz
3uuQLSmKyXSXIStTYGKLrT;Freddie Scott;39;5089;southern soul
3vbKDsSS70ZX9D2OcvbZmS;Beck;71;1086152;alternative rock,anti-folk,garage rock,indie rock,modern rock,permanent wave,rock
3w2fcE7mWqTmgRkNKn6gKJ;Gary Willis;25;9101;electric bass,jazz fusion
3w3vmT2hRskRBwDZdjUlAp;Jerome Thomas;38;5619;alternative r&b,indie r&b,neo r&b,uk contemporary r&b
3y8ipHIRVu4OvPfy0LB0WT;Michael Lecoq;14;14;
3ycxRkcZ67ALN3GQJ57Vig;Masego;73;581431;alternative r&b,indie soul
3zX0EMvB00JzxnRi5EIICP;Mike Stern;38;44555;jazz funk,jazz fusion,jazz guitar
42Vmza0WYHdhsgxFmf9Tui;Charles Gounod;56;16230;classical,french opera,late romantic era
43JlwunhXm1oqdKyOa2Z9Y;Hiatus Kaiyote;57;342362;australian r&b,indie jazz,indie soul,neo r&b,shiver pop
44bvfFf9VeGwVjK0QDqQ7O;Oxmo Puccino;57;145838;french hip hop,french reggae,rap conscient
450o9jw6AtiQlQkHCdH6Ru;Funkadelic;59;408785;classic rock,funk,funk rock,p funk,psychedelic rock,soul
4596e2d3KmYzAeVenjCxfj;Free Nationals;63;87304;alternative r&b,hip hop,indie soul
459INk8vcC0ebEef82WjIK;Erik Satie;68;430750;classical,early avant garde,early modern classical,impressionism,post-romantic era
45rpaf8BR69NIPqmeAYb7l;The Brecker Brothers;35;30222;jazz funk,jazz fusion
478WAnkTtQach00La2gvxR;Lenny White;33;9488;jazz funk,jazz fusion
47UDFBXxSM6d5zbKvflXhv;Banda Black Rio;39;29141;bossa nova,brazilian boogie,brazilian soul,instrumental funk,mpb,samba
47j52E1tbrzt0TJM8sBdiD;Orquestra Fantasma;28;201;
47opbYEKDjXnRk9uLscp11;Yolanda Adams;54;325722;gospel,gospel r&b
49zXTngyUTielHTbbH5YKs;Roy Hargrove;51;103704;bebop,big band,contemporary jazz,contemporary post-bop,cool jazz,hard bop,jazz,jazz funk,jazz fusion,jazz trumpet,soul jazz
4AcXapei4U7xnWecv9AEBd;Orchestre Symphonique de Montréal;59;5813;classical performance,orchestra
4CxobvwTpmfpIEbkYh4pAb;Eric Johnson;52;151307;blues rock,instrumental bluegrass,instrumental rock,neo classical metal,progressive jazz fusion,shred
4DbVGBurfbrdLW2ZwfwdmP;Takuya Kuroda;46;70175;indie jazz,indie soul,japanese jazz
4DuZTASH5eSyd0K73W6fuZ;Joe Pass;51;68362;bebop,contemporary post-bop,cool jazz,jazz,jazz fusion,jazz guitar
4EKJxXaAZapG14Q5FTZoxm;Secos & Molhados;53;222744;bossa nova,brazilian indie,brazilian psychedelic,forro,mpb,nova mpb,rock gaucho,samba
4EoSO1qJPLqUArQ4lt9VjA;Chris Turner;27;865;
4F7Q5NV6h5TSwCainz8S5A;Duke Ellington;64;592918;adult standards,bebop,big band,cool jazz,jazz,jazz piano,lounge,swing,vocal jazz
4FZ3j1oH43e7cukCALsCwf;Jack White;61;1024911;alternative rock,blues rock,garage rock,indie rock,modern blues rock,modern rock,punk blues,rock
4Ije0Q0RlICc17Q7TDZof9;John Escreet;25;665;modern jazz piano
4JG781pl96pL2h0AoERgOA;Keyon Harrold;39;7281;indie jazz,jazz trumpet
4KDyYWR7IpxZ7xrdYbKrqY;Bonnie Raitt;64;366653;classic rock,country rock,electric blues,folk,folk rock,lilith,mellow gold,pop rock,rock,roots rock,singer-songwriter,soft rock,traditional folk
4KmKbbEq6PMnW2TdkrbBIH;John Patitucci;40;37945;electric bass,jazz fusion
4LEiUm1SRbFMgfqnQTwUbQ;Bon Iver;77;2621895;chamber pop,eau claire indie,indie folk,melancholia,slow core
4LLpKhyESsyAXpc4laK94U;Mac Miller;87;4335839;hip hop,pittsburgh rap,rap
4LjEV5Uda7vRVQtxOc57QD;Shanghai National Orchestra;32;218;chinese traditional
4N8BwYTEC6XqykGvXXlmfv;George Benson;68;409261;adult standards,disco,jazz funk,jazz guitar,motown,quiet storm,smooth jazz,soft rock,soul,soul jazz,yacht rock
4NgfOZCL9Ml67xzM0xzIvC;Janis Joplin;69;2111284;blues rock,classic rock,psychedelic rock,rock
4NhyK1Uoo8ScQOSl8x0jqI;Denaun;35;4213;detroit hip hop
4PDpGtF16XpqvXxsrFwQnN;Thelonious Monk;58;414217;bebop,contemporary post-bop,cool jazz,hard bop,jazz,jazz fusion,jazz piano,vocal jazz
4QQgXkCYTt3BlENzhyNETg;Earth, Wind & Fire;76;2352787;disco,funk,jazz funk,motown,quiet storm,soul
4RN2vlFWepLa46qQIU2PHs;Jacques Brel;60;363255;belgian singer-songwriter,chanson,french rock
4SKChJZZUJd8fD4ZbkpL6l;Angela Maria;42;14209;velha guarda
4SQdUpG4f7UbkJG3cJ2Iyj;Arca;55;117834;art pop,dance pop,electropop,escape room,experimental pop,fluxwork,indie r&b,indietronica
4UPAR5j8CLFlb68v9KFiZV;Tatiana Parra;20;2496;deep brazilian pop
4UodukR17NIQfNu5uaqm9B;Jamila Woods;58;124329;afrofuturism,alternative r&b,escape room,indie soul
4V8LLVI7PbaPR0K2TGSxFF;Tyler, The Creator;85;4378557;hip hop,rap
4Ww5mwS7BWYjoZTUIrMHfC;Charlie Parker;56;385680;bebop,big band,contemporary post-bop,cool jazz,hard bop,jazz,jazz fusion,jazz saxophone,swing
4YHtIE7FI8ITfekzzN5Jpl;Shuggie Otis;59;82765;afrobeat,classic soul,funk,indie soul,soul,southern soul
4YLUMAgNyttwx4hUHgtBtR;Blue Lab Beats;50;27044;indie jazz,indie soul,neo r&b,uk contemporary jazz
4Z8W4fKeB5YxbusRsdQVPb;Radiohead;81;5120637;alternative rock,art rock,melancholia,oxford indie,permanent wave,rock
4ai53dgSBGhQwcFtGyY1bF;Ambrose Akinmusire;37;26167;contemporary jazz,contemporary post-bop,indie jazz,jazz trumpet
4akybxRTGHJZ1DXjLhJ1qu;Kirk Franklin;67;776194;gospel,gospel r&b
4bYPcJP5jwMhSivRcqie2n;Adam Levine;72;796805;pop rock
4d3yvTptO48nOYTPBcPFZC;Eve;69;691670;dance pop,hip hop,hip pop,philly rap,pop rap,r&b,rap,southern hip hop,urban contemporary
4dLuwltQIkqt9NOeRrco61;Hamid El Kasri;34;19933;classic moroccan pop,gnawa
4dpARuHxo51G3z768sgnrY;Adele;85;21355415;british soul,pop,uk pop
4frXpPxQQZwbCu3eTGnZEw;Thundercat;71;502964;afrofuturism,indie soul
4gFssfOmWNY3LfIZ3zyoy4;Punch Brothers;52;167177;banjo,bluegrass,chamber pop,indie folk,mandolin,new americana,progressive bluegrass,stomp and holler
4hdVPbHhsWAn2XTXVRJoxB;Chris Potter;37;29248;bebop,contemporary jazz,contemporary post-bop,jazz,jazz fusion,jazz saxophone
4iovNkf44dsELmo3E7XSKX;Gary Burton;45;27916;bebop,contemporary jazz,contemporary post-bop,cool jazz,ecm-style jazz,jazz,jazz funk,jazz fusion,jazz vibraphone
4jCbgl5Dmt3uOh8WRQfpPs;Bilal;60;174280;alternative r&b,hip hop,indie jazz,indie soul,neo r&b,neo soul,urban contemporary
4jSvNq6yedPhkC4p3zlznC;Anthony Jackson;39;3351;electric bass
4jXfFzeP66Zy67HM2mvIIF;Bill Evans;64;388257;adult standards,bebop,contemporary post-bop,cool jazz,jazz,jazz fusion,jazz piano,stride,vocal jazz
4l2MwXYwUDQKHcUXwCZjEz;José James;54;94180;belgian modern jazz,contemporary vocal jazz,funk,indie jazz,indie soul,neo r&b,neo soul,soul,vocal jazz
4lujUKeO6nQAJXpq37Epn7;Son Little;58;83169;deep new americana,funk,soul
4lxfqrEsLX6N1N4OCSkILp;Phil Collins;79;2825418;mellow gold,rock drums,soft rock
4mGPVJbOURnByVYcaQZa2J;Kyle Thornton & The Company;40;7259;retro soul
4nJ3J7RwgYmMARNAVrFb06;The Blackbyrds;48;60921;classic soul,disco,funk,jazz funk,post-disco,quiet storm,soul,soul jazz
4oDjh8wNW5vDHyFRrDYC4k;Loyle Carner;69;329929;indie r&b,indie soul,london rap
4oPzQ9oBfRuRLvyN86Oqbz;Mandekan Cubano;32;460;
4ohvKWdqkkcnCiWo6qBcRk;Jorge Giuliano;26;161;
4ph6Bt1mkDlmf32PSvRa8A;Elba Ramalho;60;213634;axe,bossa nova,forro,mpb,samba
4qwGe91Bz9K2T8jXTZ815W;Janet Jackson;70;2016350;dance pop,hip pop,neo soul,new jack swing,pop,r&b,urban contemporary
4tZwfgrHOc3mvqYlEYSvVi;Daft Punk;82;6174798;electro,filter house
4uBSazM6snEc9wCG3jMlYt;Pat Metheny Group;57;121779;contemporary post-bop,ecm-style jazz,jazz funk,jazz fusion
4uk8EjGWEOC5OgpG3MRTCS;Chango Farias Gomez;27;3848;folklore argentino
4v0R1feRiuCDch7aAheVhY;John McLaughlin;50;67063;british jazz,contemporary post-bop,jazz funk,jazz fusion,jazz guitar
4v0dBZBhhgZctlUGPFOGyH;Malcolm Addey;39;64;
4wnzivx3OQ3vjrySAdTdJP;Ron Carter;49;32030;bebop,contemporary post-bop,cool jazz,hard bop,jazz,jazz double bass,jazz funk,jazz fusion,soul jazz,stride
4ynAIA5bYJmAY7JMt8FEZ6;SiR;20;28;
4ytkhMSAnrDP8XzRNlw9FS;Vince Guaraldi Trio;51;79527;adult standards,christmas instrumental,jazz trio
51SBwyi6EsedCxohTMWQN5;Justin Stanton;17;965;
51qUDJb5AtQX6jIL4VJx6M;Angelique Kidjo;53;60410;afropop,beninese pop,world
53HPdlKWDIGFF4GvVrCtEV;Joshua Redman Quartet;42;9166;bebop,contemporary jazz,contemporary post-bop,cool jazz,hard bop,jazz,jazz fusion,jazz quartet
53KwLdlmrlCelAZMaLVZqU;James Blake;74;990449;art pop,indie r&b,indie soul,indietronica,uk alternative pop
53QzNeFpzAaXYnrDBbDrIp;The Isley Brothers;67;996886;classic soul,disco,funk,motown,quiet storm,soul,southern soul
53htGvuREf9YT5LYk5HEvb;MIKNNA;48;12206;trap soul
54SLl07eCSMFL8u2H3MwKl;Charles Jones;45;859;
55BOGnEb0pUuAgbxAwwbKV;Ghost-Note;36;26467;instrumental funk,modern funk
5644bJMU3NkJN0edhyHV3v;Joyce;43;26248;bossa nova,brazilian composition,brazilian jazz,mpb
56koGOp6EpWHZYOfuTTxRB;Thelonious Monk Septet;30;16516;bebop,contemporary post-bop,cool jazz,hard bop,jazz
58Wl2AJZWwfvEn2eAWJbIG;The Last Poets;40;17192;dub poetry,slam poetry
59NO6KX7wQCG7jGdtH1NtL;Raheem DeVaughn;53;327509;hip pop,neo soul,new jack swing,quiet storm,r&b,urban contemporary
59moiRYKUncTrjFOOPy0YN;The Stephens Family;26;41;
5ACxPOI9gR3l0cyy2dvkHv;Christian McBride;50;34248;bebop,contemporary jazz,contemporary post-bop,cool jazz,hard bop,jazz,jazz double bass,jazz funk,jazz fusion,soul jazz,straight-ahead jazz
5Apl0wL4OwNUDYkx69rMDQ;Dirty Loops;48;101354;jazz funk
5B5Ui34u7OXfbXDsD9548u;Nelson Faria, Nico Assumpção & Lincoln Cheib;11;1423;
5BG0gerrHZFHPaIEi43FHB;Ben Russell;62;441;
5BRAUN0yN8557PLRZIr02W;Ezra Collective;51;66762;british jazz,indie jazz,indie soul,uk contemporary jazz
5CK3a77IzCSHjNqzRcbhuG;Allan Holdsworth;39;51176;jazz fusion,jazz guitar,jazz metal,neo classical metal
5COT5dVPZHSd0ZFyCQCm7s;Hermeto Pascoal;40;57594;baiao,bandoneon,bossa nova,brazilian composition,brazilian jazz,choro,forro,mpb,samba
5DKuVtlpDH0agZQUFDy8O7;Pharoahe Monch;56;139043;alternative hip hop,conscious hip hop,east coast hip hop,hardcore hip hop,hip hop,queens hip hop,turntablism
5Dl3HXZjG6ZOWT5cV375lk;Yo-Yo Ma;71;382292;classical,classical cello,classical performance
5EmoPxNtxmhzwUPYoJw58f;Prudence TheAuset Sneed;0;6;
5FX9U5mxQwpO3TXF0OGadm;Terrace Martin Presents The Pollyseeds;39;11180;neo r&b
5HG9Eg7Ik8ZuNtMyGYTxLG;Alexandre Tharaud;62;18223;classical performance,classical piano
5HlnN6xF2MD87KhGRmCRTd;Vinícius de Moraes;62;294896;bossa nova,mpb,samba
5IcR3N7QB1j6KBL8eImZ8m;ScHoolboy Q;79;3092420;gangster rap,hip hop,pop rap,rap,southern hip hop,trap,underground hip hop
5ItTHwcEtFh6DEOBheMub9;Jonathan McReynolds;58;123762;gospel,gospel r&b
5JYtpnUKxAzXfHEYpOeeit;Jorge Ben Jor;65;491208;bossa nova,mangue bit,mpb,pagode,samba,samba-rock
5K0rbdBrs2tNXe5LeWMATT;Bootsy Collins;62;212479;funk,p funk,quiet storm,soul
5K4W6rqBFWDnAN6FQUkS6x;Kanye West;91;11664912;chicago rap,rap
5KNqYrivNgVCHBssEUSu5B;Donell Jones;60;700816;dance pop,hip hop,hip pop,neo soul,new jack swing,pop rap,quiet storm,r&b,urban contemporary
5KbqNvuB4guV2R8EFNq6V2;Eddy Brown;5;11;
5LqWmZQlNt5EqbjJsOMjtn;Sarah Elizabeth Charles;28;1300;
5M52tdBnJaKSvOpJGz8mfZ;Black Sabbath;76;4443422;album rock,birmingham metal,classic rock,hard rock,metal,rock,stoner rock,uk doom metal
5Q8NEHGX70m1kkojbtm8wa;Ibeyi;54;253551;cuban alternative,etherpop
5Ql3HGIJWxuEjDpDkXfduq;Roy Ayres;43;1335;
5QwOpKCyQiRvrAUyTX1EOL;Silibrina;17;5198;brazilian modern jazz
5ReVxzuREWusYE4ovnMbBn;Paulinho Nogueira;38;14764;bossa nova,brazilian composition,choro,velha guarda,violao
5RzjqfPS0Bu4bUMkyNNDpn;Dizzy Gillespie;55;294254;bebop,big band,contemporary post-bop,cool jazz,hard bop,jazz,jazz fusion,jazz trumpet,latin jazz,soul jazz,stride,swing,vocal jazz
5SMVzTJyKFJ7TUb46DglcH;Parliament;60;436231;afrofuturism,funk,funk rock,motown,p funk,soul
5SbkVQYYzlw1kte75QIabH;Gnarls Barkley;67;339370;atl hip hop,neo soul
5SyCTZ8X8YQCI0J1VRp4iC;Phonte;52;57259;alternative hip hop,alternative r&b,hip hop,nc hip hop,neo r&b,neo soul,soul flow
5UmwUJcgK40N7m7ZVghGOy;Jim Grancamp;5;10;
5V0MlUE1Bft0mbLlND7FJz;Ella Fitzgerald;72;1581298;adult standards,jazz blues,swing,vocal jazz
5VF0YkVLeVD4ytyiyVSIiF;Dirty Projectors;55;201418;art pop,brooklyn indie,chamber pop,chillwave,experimental pop,freak folk,indie folk,indie pop,indie rock,indietronica,noise pop
5XTyy46AbpxIhvs38nQekJ;Nathan East;43;15850;electric bass,instrumental funk
5Y5TRrQiqgUO4S36tzjIRZ;Timbaland;77;1631177;dance pop,hip hop,hip pop,pop,pop rap,urban contemporary
5YfW24O2P3ljTAZjBRr4jy;Chico Pinheiro;25;4588;brazilian modern jazz,deep brazilian pop
5Z1XZyEFY0dewG8faEIiEx;Django Reinhardt;58;263333;bebop,cool jazz,french jazz,gypsy jazz,jazz,jazz guitar,swing
5Zmur9D9gpr6tXyDrpnbOe;Béla Fleck and the Flecktones;44;57146;jam band,jazz fusion,progressive bluegrass,progressive jazz fusion
5ZvCpVAckM5gWTM5HYgSFb;Rose Gold;44;426;
5a2EaR3hamoenG9rDuVn8j;Prince;76;4432579;funk,funk rock,minneapolis sound,motown,synth funk
5aIqB5nVVvmFsvSdExz408;Johann Sebastian Bach;80;2603246;baroque,classical,early music,german baroque
5axjIS5grj9EJYzXJW10IY;Shanghai Symphony Orchestra;41;618;chinese classical performance
5bMjMdX8b8UECZgNJ965yW;Amanda Diva;29;517;
5bepW5vcdRzheNc0F8lHJ5;Esperanza Spalding;52;252361;electric bass,jazz fusion,neo soul,vocal jazz
5cM1PvItlR21WUyBnsdMcn;Robert Glasper;56;188261;contemporary jazz,indie jazz,indie soul,modern jazz piano,neo r&b,neo soul
5ch0b7wCfaEe1NBUXnj30p;Michael Mayo;30;461;
5coeM7OaiVUCX4HjNesOLO;Mosquito;32;3497;modern samba
5dgmwbLZhKGY3sCtCgx30i;Christine Hucal;33;154;
5eTFGhsuJJrmwAF2ttmgOl;Guinga;36;17650;bossa nova,brazilian composition,choro,deep brazilian pop,forro,samba,velha guarda,violao
5fbhwqYYh4YwUoEs582mq5;The Spinners;65;450938;classic soul,disco,funk,motown,philly soul,quiet storm,soul,southern soul
5gGbAKDXhDoBXIJe8SuBvX;Jules Buckley;55;2005;
5gcpKqNGPhEtKW5G1ZUZPK;João Nogueira;45;21312;samba
5gznATMVO85ZcLTkE9ULU7;Lenny Kravitz;72;1917209;permanent wave,pop rock,rock
5hW4L92KnC6dX9t7tYM4Ve;Joni Mitchell;70;771374;canadian folk,canadian singer-songwriter,folk,folk rock,lilith,mellow gold,pop rock,rock,roots rock,singer-songwriter,traditional folk
5hjhUiwzXZliQMmqqkYT81;Benny Greb;34;32050;progressive jazz fusion,rock drums
5j3htXVskZF0u8qWY5zcF8;Fagner;62;564424;forro,mpb,samba
5j4HeCoUlzhfWtjAfM1acR;Stromae;72;1551607;belgian pop
5l8VQNuIg0turYE1VtM9zV;Leonard Cohen;71;1875940;canadian folk,canadian singer-songwriter,folk,folk rock,melancholia,permanent wave,singer-songwriter
5lckATQU3N7Ralsw3VfnRb;Calvin Richardson;46;92636;neo soul,new jack swing,quiet storm,r&b,urban contemporary
5m7wCUhYhBh7A3A3YMxrbt;Queen Latifah;60;97213;conscious hip hop,east coast hip hop,hip hop,hip pop,new jersey rap
5m8H6zSadhu1j9Yi04VLqD;Sly & The Family Stone;64;555852;classic rock,classic soul,folk rock,funk,funk rock,mellow gold,motown,rock,roots rock,soul,southern soul
5moJNCJeiNwuQAhDLJXULs;Incognito;50;110550;brit funk
5nLYd9ST4Cnwy6NHaCxbj8;CeeLo Green;68;417452;atl hip hop
5nriuBVz6NDh6k8gTU5WgP;Trio Mocoto;48;15329;afrofuturismo brasileiro,brazilian soul,samba,samba-rock
5olDKSsFhhmwh8UCWwKtpq;Chick Corea;56;187820;bebop,contemporary jazz,contemporary post-bop,cool jazz,ecm-style jazz,jazz,jazz funk,jazz fusion,jazz piano
5ooSG9S0glqP5ZrqqaHBvT;James Fauntleroy;58;12363;
5pKCCKE2ajJHZ9KAiaK11H;Rihanna;91;37362538;barbadian pop,dance pop,pop,post-teen pop,r&b,urban contemporary
5pMFJIlTeEdikYch9i3Grv;Alceu Do Cavaco;22;9;
5pMmqpG3HsoJ6EDDoXGXEr;Jim Hall;55;39569;bebop,contemporary post-bop,cool jazz,hard bop,jazz,jazz fusion,jazz guitar
5qOfTfMzTj2dvvpWKzIFk6;The Bad Plus;45;66624;avant-garde jazz,contemporary jazz,contemporary post-bop,cool jazz,indie jazz,jazz,jazz fusion,jazz trio,modern jazz trio
5rQ9q5c4pQKwn3OmpKE6vA;Josef Leimberg;30;6398;indie jazz
5rX2c1zow6hCph8PnnU3kF;Astrud Gilberto;64;127210;adult standards,bossa nova,brazilian jazz,lounge,vocal jazz
5rrmaoBXZ7Jcs4Qb77j0YA;Djavan;68;1459837;bossa nova,mpb
5sQJzc7ZGwC4olbhp2kqqX;Brad Mehldau Trio;47;38873;bebop,contemporary jazz,contemporary post-bop,cool jazz,jazz,jazz fusion,jazz trio,modern jazz trio
5sennRot4Ls82wfspEQuf2;Leela James;50;247916;neo soul,r&b,urban contemporary
5tGDXwaO3qq4w9mAhZHwZY;Seamus Blake;40;6439;canadian modern jazz,contemporary jazz,contemporary post-bop,jazz saxophone,straight-ahead jazz
5uiYVTlSFQqK08L1MKuBnW;Ronald Bruner, Jr.;33;5620;
5v74mT11KGJqadf9sLw4dA;Cannonball Adderley;53;126247;bebop,big band,contemporary post-bop,cool jazz,hard bop,jazz,jazz blues,jazz funk,jazz fusion,soul jazz,swing,vocal jazz
5vdTwIo9GoUu8IVLyJavsZ;The Sure Fire Soul Ensemble;30;3847;instrumental funk
5wu05jGsVMAFHYMYHqCB9l;Avishai Cohen;49;112267;contemporary jazz,israeli jazz,jazz double bass,jazz fusion,jazz trumpet
5xI4mPixKfrCCspATqbpy3;Eryn Allen Kane;54;55015;alternative r&b,indie soul,neo r&b
5xuNBZoM7z1Vv8IQ6uM0p6;JoJo;70;1581169;dance pop,hip pop,pop,pop rap,post-teen pop,r&b,urban contemporary
5y2Xq6xcjJb2jVM54GHK3t;John Legend;82;4985700;neo mellow,neo soul,pop,r&b,urban contemporary
60ciIY5MouLc2Y9n34DJdA;Ledisi;54;352438;neo soul,new jack swing,quiet storm,r&b,urban contemporary
60df5JBRRPcnSpsIMxxwQm;Otis Redding;73;1525854;classic soul,funk,memphis soul,soul,soul blues,southern soul
60k4atxgEIMFz4DWHp0le1;Braxton Cook;52;25783;indie jazz,indie r&b,indie soul,neo r&b
64KVQ4YupSZYrGNLduVtj3;Nara Leão;54;87535;bossa nova,brazilian jazz,mpb,samba,velha guarda
64neTfIIdYKNhJ9zxoz3jF;Ivan Lins;51;188121;bossa nova,forro,mpb,samba
65CKKZilbcSKkAPC9a5Mvh;Oumou Sangaré;54;56939;afrobeat,afropop,malian blues,mande pop,wassoulou,world
65c5si0ePAwkOCn4M35Ho7;Sérgio Mendes;59;103793;bossa nova,brazilian jazz,samba
65dGLGjkw3UbddUg2GKQoZ;BADBADNOTGOOD;64;406783;alternative hip hop,canadian modern jazz,escape room,indie soul
66hSwkXgWLCH2aTcFuyH4V;Tashi;10;23;
68u79CqTqTgKncfDRbjDLH;Adam Rogers;29;8044;contemporary jazz,jazz fusion,jazz guitar
69krICsNH950Ffo9AjPT1N;Staceyann Chin;19;29;
69lxxQvsfAIoQbB20bEPFC;Philip Glass;67;398772;american contemporary classical,classical,compositional ambient,contemporary classical,drone,minimalism,soundtrack
6A43Djmhbe9100UwnI7epV;Cake;66;735251;alternative rock,garage rock,modern rock,pop rock,post-grunge,rock,sacramento indie
6AVLthptCPhfrxlHadOBJD;Jill Scott;65;1081972;funk,hip pop,neo soul,quiet storm,r&b,soul,urban contemporary
6AfbDYupHV5e6nse9W6tKG;Stéphane Grappelli;51;35801;french jazz,gypsy jazz,jazz violin
6AyvSIi2EyLOaMJCc6J5fZ;Leonardo Gonçalves;58;573164;adoracao,brazilian gospel,louvor,rock gospel brasileiro
6CS9O2pE67oq44GZuBEBuD;Olivier Messiaen;41;28580;avant-garde,classical,contemporary classical,early modern classical,laboratorio
6DJEUXZm0e2rAohdoZ5Voo;Black Thought;61;94280;alternative hip hop,east coast hip hop,hip hop,southern hip hop
6DPYiyq5kWVQS4RGwxzPC7;Dr. Dre;81;4917875;g funk,gangster rap,hip hop,rap,west coast rap
6DanD7KHwrNSqjxHKdLGzG;Maîtrise de Radio France;22;279;children's choir
6DoH7ywD5BcQvjloe9OcIj;Ray LaMontagne;69;755222;acoustic pop,indie folk,neo mellow,new americana,pop rock,stomp and holler
6E9Q3EKPiOPUbBBFU1YXzi;Chris Anderson;48;1840;
6EZXGhI9nauRevgFl4VUrd;Sharay Reed;12;1962;
6FNc1pq9apWBGVjGUEd9tK;Danilo Caymmi;39;30533;bossa nova,brazilian composition,mpb,velha guarda
6GI52t8N5F02MxU0g5U69P;Santana;74;1535530;blues rock,classic rock,mexican classic rock
6GbCJZrI318Ybm8mY36Of5;Faith No More;66;1071466;alternative metal,alternative rock,funk metal,funk rock,hard rock,nu metal,post-grunge,rap metal,rock
6GcgRheAQRGpkEhsg5nG6m;Bob Reynolds;36;11814;contemporary jazz
6HQYnRM4OzToCYPpVBInuU;Kamasi Washington;57;296510;afrofuturism,contemporary jazz,indie soul,jazz saxophone
6J7biCazzYhU3gM9j1wfid;Jamiroquai;70;1508062;dance pop
6L31zhaK3DUZEze55P3lYJ;Egberto Gismonti;38;33702;bossa nova,brazilian composition,brazilian jazz,choro,ecm-style jazz,latin classical,mpb,violao
6MF58APd3YV72Ln2eVg710;Felix Mendelssohn;62;309357;classical,early romantic era
6NL31G53xThQXkFs7lDpL5;Rapsody;60;150376;alternative hip hop,alternative r&b,escape room,hip hop,nc hip hop,southern hip hop,trap queen,underground hip hop
6NodJUvzLqPU2HtPLhDuf5;Larry Graham & Graham Central Station;28;9351;funk
6O74knDqdv3XaWtkII7Xjp;Boyz II Men;70;1770970;boy band,new jack swing,pop,quiet storm,r&b,urban contemporary
6Of92bKNSsFuoNkF4nQ6Za;Samora Pinderhughes;35;2159;
6P6IXsZWyS49AUbhGCvvLK;Naná Vasconcelos;35;20116;brazilian jazz,brazilian percussion,jazz drums
6P7H3ai06vU1sGvdpBwDmE;Steely Dan;71;1084621;album rock,art rock,classic rock,country rock,folk,folk rock,mellow gold,psychedelic rock,rock,roots rock,soft rock,yacht rock
6PAt558ZEZl0DmdXlnjMgD;Eric Clapton;77;3454406;album rock,blues rock,classic rock,electric blues,mellow gold,rock,roots rock,soft rock
6PDLwWvgYNMfBRLqC1h5cJ;Buddy;70;121849;alternative r&b,cali rap,hip hop,rap,underground hip hop
6PkSULcbxFKkxdgrmPGAvn;Cécile McLorin Salvant;52;53852;contemporary vocal jazz,vocal jazz
6Q192DXotxtaysaqNPy5yR;Amy Winehouse;78;6352877;british soul,neo soul
6QQuESLtKhAOcLW2TeWC2t;Art Blakey;46;82426;bebop,contemporary post-bop,cool jazz,hard bop,jazz,jazz drums,jazz fusion,soul jazz
6R2JGjQ4DM6iCPUAbhjnKZ;Arturo Márquez;36;5942;latin classical,mexican classical
6R9Mv0bgGE4Tqxna1q5Mrj;Roy Ayers;57;125727;afrobeat,disco,funk,indie jazz,indie soul,jazz funk,jazz vibraphone,quiet storm,soul,soul jazz
6RSxx54rQn9jSMLzFaKzBn;Art Blakey Percussion Ensemble;17;377;
6TTJ0xLPPNDyv4bXyukzU4;Sam Amidon;44;23526;chamber folk,chamber pop,freak folk,indie folk,vermont indie
6TVVIyd0fsRDGg6WzHKyTP;Durand Jones & The Indications;57;99036;funk
6TvjXbopXg71XRM9OZWqUc;Arin Ray;64;99766;alternative r&b,deep pop r&b,indie r&b,trap soul
6U3ybJ9UHNKEdsH7ktGBZ7;JID;75;506170;hip hop,rap,underground hip hop
6UKz2oYWzE0ZBnciztCown;Clara Nunes;54;191320;bossa nova,forro,mpb,pagode,samba,umbanda,velha guarda
6UYqtBD79GpmqjttbzV6iA;Somi;34;16060;contemporary vocal jazz
6W9RUw7xnNRYtgh8dimg7L;Ronald Isley;53;95047;quiet storm,urban contemporary
6XGfdDOtv4mLiHnHwrZhDC;Maysa;41;16708;smooth soul
6XItHNeKXecnFpkJHOn5JL;Syl Johnson;44;25140;chicago soul,classic soul,funk,memphis soul,soul,southern soul
6XpaIBNiVzIetEPCWDvAFP;Whitney Houston;81;5445307;dance pop,pop,urban contemporary
6Ycrt8OjGSSFihsb0446eg;Dick Dale;49;77180;instrumental surf,surf music
6YwDgZxJVXO6N24VU8XMU5;R+R=NOW;33;16208;indie jazz,neo r&b
6ZNeppgfBLPUyugks9Yn1u;Philip Bailey;59;27427;yacht rock
6ZcRUVs3I5U8EOnm9ZdCsO;Bahamadia;47;28421;hardcore hip hop,hip hop,philly rap
6aaMZ3fcfLv4tEbmY7bjRM;Isaiah Rashad;69;703987;hip hop,rap,underground hip hop
6cUBkLZsUJYTcMcctFjAKK;Philadelphia Experiment;16;371;
6dAtGAnHCQ1ujMUZ9Ep82k;Grant Green;49;63339;bebop,contemporary post-bop,cool jazz,hard bop,jazz,jazz funk,jazz fusion,jazz guitar,soul jazz
6de0V6wLyRKp3I2LDMrXCr;Marcus Strickland;29;7014;contemporary jazz
6e7BQ0gM6o8ecMXRZkXxlZ;Karriem Riggins;48;26453;alternative hip hop,indie jazz,wonky
6eU0jV2eEZ8XTM7EmlguK6;Black Pumas;62;174485;funk,retro soul
6fmq5mv6HnduZdlTOEYBC9;Marcus Miller;51;162301;electric bass,instrumental funk,jazz funk,jazz fusion
6fxyWrfmjcbj5d12gXeiNV;Denzel Curry;77;1255245;dark trap,drill,hip hop,miami hip hop,rap,trap,underground hip hop
6g0Wah2YFtb1rFgKhUktlo;Raphael Saadiq;59;371979;funk,neo soul,r&b,soul,urban contemporary
6gc6oo3u2f7SqTd4mhe81O;Ahmad Jamal;50;78832;bebop,contemporary post-bop,cool jazz,hard bop,jazz,jazz funk,jazz fusion,jazz piano,soul jazz,stride,vocal jazz
6h3rSZ8VLK7a5vXjEmhfuD;The Brothers Johnson;56;214710;classic soul,disco,funk,jazz funk,motown,post-disco,quiet storm,soul
6hk7Yq1DU9QcCCrz9uc0Ti;Kimbra;70;335805;bergen indie,electropop,nz pop
6ivVgdQ8qi5Tu2pc1zeVKP;Cameron Graves;14;4042;afrofuturism,progressive jazz fusion
6jrlNnS5B830kpi40j3S6g;Max Roach;45;46182;avant-garde jazz,bebop,contemporary post-bop,cool jazz,free jazz,hard bop,jazz,jazz drums,jazz funk,soul jazz
6jvFT2wqxaFL9lcPTrzjyV;Thana Alexa;16;837;
6k0IBR0lU42s2GYpNX7kA9;Brian McKnight;65;854322;dance pop,neo soul,new jack swing,quiet storm,r&b,urban contemporary
6m30rs1IQqnWqV5nKMpU7U;Ohio Players;54;372807;classic soul,disco,funk,jazz funk,motown,post-disco,quiet storm,soul,southern soul
6mQfAAqZGBzIfrmlZCeaYT;Chaka Khan;68;917221;dance pop,disco,funk,motown,neo soul,post-disco,quiet storm,soul,urban contemporary
6nS5roXSAGhTGr34W6n7Et;Disclosure;82;1736073;house,pop,tropical house,uk dance
6nnjKHTxPpJtw08NqB0gvJ;Andy Bey;35;6862;vocal jazz
6pPx8jYe1vzHuQea1st8Iy;Simon Phillips;37;16393;jazz drums,jazz fusion
6q6EXv5ybArXqifMdmTIig;Lionel Loueke;35;14655;beninese pop,contemporary jazz,jazz guitar
6qgnBH6iDM91ipVXv28OMu;KAYTRANADA;73;662458;escape room,indie soul,lgbtq+ hip hop
6r2niOTnexy9xss5g8GWXH;Yasiin Bey;51;12376;
6rM2yY0GnVcOHMU5GD3y9E;Martinho Da Vila;61;351575;bossa nova,forro,mpb,pagode,samba,umbanda,velha guarda
6ra4GIOgCZQZMOaUECftGN;Frank Zappa;62;527605;album rock,art rock,classic rock,experimental,experimental rock,hard rock,instrumental rock,jazz fusion,jazz rock,progressive rock,protopunk,psychedelic rock,rock,symphonic rock,zolo
6ryjbFyWBZho9KGXqKZdqQ;Bob James;51;68199;jazz funk,jazz fusion,jazz piano,smooth jazz
6sPeUcMcOc2n0M7m1qHAer;Don Ellis;23;5292;big band,jazz trumpet
6sqZoZxe9BQwk7Zxh6STfF;Kadhja Bonet;60;53627;alternative r&b,indie jazz,indie soul
6sz0k1q2aEtG5dxEgr4YWV;Rokia Traoré;46;64295;afropop,malian blues,mande pop,world
6tOsSffQQIXmK8TqsDck8t;Chico Buarque;65;715603;bossa nova,fado,mpb,samba
6twIAGnYuIT1pncMAsXnEm;Commodores;69;961420;adult standards,disco,funk,mellow gold,motown,quiet storm,soft rock,soul
6u5P4S3NSj4EDNegDlOevO;Edu Lobo;44;41437;bossa nova,brazilian composition,choro,forro,mpb,samba,velha guarda
6uIst176jhzooPMetg2rtH;Louis Cole;51;53394;la pop
6uduXqfPOgmcelx9Kclo3y;George Shearing Quintet;26;1971;
6ufQwLbg8fB1I6aRQb3aUn;Quintette du Hot Club de France;51;9517;gypsy jazz
6v2VjBVPcGVbBqJrUWYiG1;Kirk Whalum;48;48845;jazz saxophone,smooth jazz,smooth saxophone
6vWDO969PvNqNYHIOW5v0m;Beyoncé;90;22859766;dance pop,pop,post-teen pop,r&b
6xS5PpBWaVYraexEkEjjXv;Maxo Kream;65;286432;hip hop,houston rap,melodic rap,rap,southern hip hop,trap,underground hip hop,vapor trap
6xrCU6zdcSTsG2hLrojpmI;José González;69;803563;chamber pop,gothenburg indie,indie folk,neo mellow,stomp and holler,swedish indie folk,swedish indie pop,swedish singer-songwriter
6xt9sJmmyYwWkJv8A6ssiU;Cory Wong;56;62003;funk,instrumental funk,modern funk
6xyaria4AcxjRuJZLkWvMW;Guru;56;129997;boston hip hop,east coast hip hop,hardcore hip hop,hip hop
6zkX5fhrSD4tdVOmimR9wB;Oscar Peterson;59;140803;adult standards,bebop,contemporary post-bop,cool jazz,jazz,jazz piano,stride,vocal jazz
70wm2qxYZ4i2KqcyyH2GyT;Richard Bona;47;63258;electric bass,jazz fusion
71Ur25Abq58vksqJINpGdx;Miles Davis Quintet;52;189126;bebop,contemporary post-bop,cool jazz,hard bop,jazz,jazz fusion
71cyZ6pH0KrM2MdtO8RGmy;Merry Clayton;44;15630;classic soul,southern soul
72UK8pq1vewvVNs0mGCoH8;Air Lyndhurst String Orchestra;51;230;string orchestra
72zigmOdJbIsz0iIRhCBvp;Illa J;50;53654;alternative hip hop,chillhop,detroit hip hop,hip hop,indie jazz,indie soul
73sIBHcqh3Z3NyqHKZ7FOL;Childish Gambino;82;6295861;atl hip hop,hip hop,pop rap,rap
74ASZWbe4lXaubB36ztrGX;Bob Dylan;78;4179697;album rock,classic rock,country rock,folk,folk rock,mellow gold,rock,roots rock,singer-songwriter
74Hj9zxTTcTgjv3Kh0PozZ;Moacir Santos;33;14685;bossa nova,brazilian composition,brazilian jazz,choro,forro,mpb,samba,velha guarda
74V3dE1a51skRkdII8y2C6;André 3000;64;154294;atl hip hop,dirty south rap,southern hip hop
74kTlA5KHbgVuvqOEeKON0;Deva Mahal;40;11399;
75jNCko3SnEMI5gwGqrbb8;Tammi Terrell;69;97706;motown
76Gi1qoWLrIerL5FcL0TZb;Gretchen Parlato;41;35892;contemporary jazz,neo r&b,vocal jazz
776Uo845nYHJpNaStv1Ds4;Jimi Hendrix;76;4117997;acid rock,album rock,blues rock,classic rock,hard rock,psychedelic rock,rock
77ZUbcdoU5KCPHNUl8bgQy;João Gilberto;68;338399;bossa nova,brazilian jazz,jazz guitar,mpb,samba,violao
77zrvBORXcnTyysjjKRfBU;The Art Of Noise;48;81232;dance rock,new romantic,new wave,new wave pop,synthpop
78PSEAPRjcRID297AMMPJC;Tarn Travers;46;80;
78xUyw6FkVZrRAtziFdtdu;The Roots;65;889234;alternative hip hop,conscious hip hop,east coast hip hop,hardcore hip hop,hip hop,neo soul,philly rap,southern hip hop
798TUNb6IfpsZzMkkzVGu1;Mark Guiliana;34;20073;contemporary jazz,jazztronica
79kOOyVKcrCOKDnzcDHsia;Norman Brown;52;63066;smooth jazz
7AC976RDJzL2asmZuz7qil;Yes;65;1086722;album rock,art rock,classic rock,hard rock,jazz fusion,progressive rock,rock,symphonic rock
7DeuppKQdCVhuWrzzCBBpc;Hiromi;46;139251;contemporary jazz,japanese jazz,japanese jazz fusion,jazz fusion,modern jazz piano
7E2ioKxoxI2J94tUkIx6As;Alex Isley;54;29383;alternative r&b,deep pop r&b,indie r&b,indie soul,neo r&b
7ENzCHnmJUr20nUjoZ0zZ1;Snarky Puppy;56;432774;contemporary jazz,funk rock,jazz funk,jazz fusion,progressive jazz fusion
7Fq1u3bHtBYIpJ4P3jxYGc;Graham Burris;25;12;
7G1GBhoKtEPnP86X2PvEYO;Nina Simone;73;1650990;adult standards,jazz blues,soul,soul jazz,torch song,vocal jazz
7GN9PivdemQRKjDt4z5Zv8;The Internet;66;782290;alternative r&b,escape room,indie soul,lgbtq+ hip hop
7GaxyUddsPok8BuhxN6OUW;James Brown;68;1491856;funk,motown,soul
7Gf3LSwa5hh8Cjo60WhVjC;India.Arie;61;580718;neo soul,r&b,urban contemporary
7HGNYPmbDrMkylWqeFCOIQ;Caetano Veloso;71;1233376;bossa nova,mpb,samba de roda
7HSQeZZSI9YNyVe2emSM9k;Matt Penman;26;859;jazz double bass
7IfculRW2WXyzNQ8djX8WX;Erykah Badu;70;1784301;afrofuturism,hip hop,neo soul,r&b,soul,urban contemporary
7J7lgWyeaBpyuA6ZhCH3jL;Vladimir Yampolsky;29;95;
7JYdpWAsiqzrmMB3qxkEbI;Metropole Orkest;53;9567;baithak gana
7KIFh8WDiqlz1Dlopd03cy;August Greene;33;19067;jazz rap,neo r&b
7KTLYKJhcUOMgNgayxBj9f;Irma;46;51196;french pop
7KYqj72JjHmay1VKYjC5c4;Amiri Baraka;14;922;beat poetry
7Ln80lUS6He07XvHI8qqHH;Arctic Monkeys;84;9206400;garage rock,modern rock,permanent wave,rock,sheffield indie
7MNEVabc4cs19CbzAFZmXz;Terrace Martin;55;50683;alternative r&b,indie jazz,indie r&b,indie soul,neo r&b,neo soul
7bHa4QW7xGwlDTHmmIvLV8;Preston Harris;18;791;
7bvcQXJHkFiN1ppIN3q4fi;Joss Stone;62;810476;british soul,neo soul,pop rock
7cWhEUzLtzKg5FH2JJItyK;Jamison Ross;36;4997;contemporary vocal jazz
7dOCnyDR2oEa1hQlvTXvdT;Cody Fry;52;19953;indie cafe pop,indiecoustica,neo mellow
7dsugSamBB7enWE2IrlbFg;Astor Piazzolla;55;192335;bandoneon,latin classical,nuevo tango,tango
7fIvjotigTGWqjIz6EP1i4;Four Tops;67;626061;adult standards,brill building pop,classic soul,disco,funk,mellow gold,motown,quiet storm,soul
7fkVKWnSaQNFwqrR62vsSo;Keziah Jones;41;37137;
7gSjFKpVmDgC2MMsnN8CYq;Jazmine Sullivan;63;1030843;alternative r&b,dance pop,deep pop r&b,hip pop,indie r&b,neo soul,pop,pop rap,r&b,urban contemporary
7gZXEBZYvwGmi2QW4L7tZQ;Hermeto Pascoal E Grupo;10;1075;
7guDJrEfX3qb6FEbdPA5qi;Stevie Wonder;80;4249117;adult standards,funk,motown,quiet storm,soul
7hJcb9fa4alzcOq3EaNPoG;Snoop Dogg;86;5800192;g funk,gangster rap,hip hop,rap,west coast rap
7i3os1iEWOn5UpaylRiMw5;Tariq Trotter;53;236;
7jzR5qj8vFnSu5JHaXgFEr;Jean Sibelius;57;134108;classical,finnish classical,impressionism,post-romantic era
7kJZd1e9Nvw5bWKBuEOR67;Queen Sheba;14;108;
7mnBLXK823vNxN3UWB7Gfz;The Black Keys;75;3190138;alternative rock,blues rock,garage rock,modern blues rock,modern rock,punk blues,rock
7neL5uqaObF3koG9C5z2jj;Russ Titelman;18;7;
7nwUJBm0HE4ZxD3f5cy5ok;Aretha Franklin;75;2232385;adult standards,classic soul,jazz blues,memphis soul,soul,southern soul
7o2OjTu0Ls0xiWl3RzjdVp;David Oistrakh;43;20568;classical performance,violin
7oEkUINVIj1Nr3Wnj8tzqr;Gilberto Gil;68;650848;bossa nova,forro,mpb,samba,violao
7oPgCQqMMXEXrNau5vxYZP;Tracy Chapman;73;979642;folk,lilith,pop rock,singer-songwriter
7pXu47GoqSYRajmBCjxdD6;Vulfpeck;66;514497;ann arbor indie,funk rock,instrumental funk
7qVvIFc9DktkAc0HKzRhNo;Johnny Hartman;52;39782;adult standards,lounge,vocal jazz
7rPqFVgJYARiFsLDlN6W6y;Toquinho;63;235085;bossa nova,forro,mpb,samba,violao
7sfgqEdoeBTjd8lQsPT3Cy;Emeli Sandé;70;1843468;dance pop,neo soul,pop,r&b,uk pop
7u6LfVyYpEzMpHLL7jTyvU;Dwele;61;185009;neo soul,r&b,urban contemporary
7uriYlc9ETgOg8VPFbdnbE;Mayra Andrade;55;98572;afropop,morna,world
7v4imS0moSyGdXyLgVTIV7;Nat King Cole;69;1312590;adult standards,lounge,vocal jazz
7vNcTk9TgKF0qDsS87nWGE;David Sanborn;49;89904;jazz funk,jazz fusion,jazz saxophone,smooth jazz,smooth saxophone
7vTlV3ajnMxl5l0ahupUeP;Adoniran Barbosa;54;147444;bossa nova,forro,mpb,pagode,samba,velha guarda
7vWFpgyWJ9CXisL0x6vYJN;Antwaun Stanley;52;4077;praise
7vXBNF4wc830rnuWRBXsz1;FORQ;32;13811;instrumental rock
7vZ7qmfXiu114lY0qm7rOe;Robert Glasper Experiment;50;94869;indie jazz,indie soul,neo r&b,neo soul
7w29UYBi0qsHi5RTcv3lmA;Björk;65;1120801;alternative dance,art pop,electronica,electropop,experimental pop,experimental vocal,icelandic experimental,icelandic pop,metropopolis,permanent wave,trip hop
7x5rK9BClDQ8wmCkYAGsQp;Paolo Nutini;68;910243;british soul,neo mellow,scottish singer-songwriter
7yGQgQiiKpg2k00JXf8hJk;Carlos Santana;58;316836;blues rock,jazz fusion
7yaBUcdjmqPP2vIv6F5bFD;Jascha Heifetz;44;35634;classical performance,violin
16rCzZOMQX7P8Kmn5YKexI;Mahalia;72;388136;alternative r&b,indie anthem-folk,indie r&b,indie soul,pop,uk contemporary r&b
1OVFy72qKTNCkYgXUQ0q4d;Jewels;15;9;
2dRsXWVnkku2cMDtV1h6NP;Stanley Turrentine;47;30502;bebop,contemporary post-bop,cool jazz,hard bop,jazz,jazz funk,jazz saxophone,soul jazz
3Qh89pgJeZq6d8uM1bTot3;Tobe Nwigwe;50;78670;christian hip hop,houston rap
42G5kgQURgn9sOZHtOdji5;Omari Hardwick;30;965;
4E7AV8mtElSjHZP3xA9kyU;Luke James;51;111990;alternative r&b,deep pop r&b,indie r&b,r&b
77zgRkcehIGCAtROXkXkb3;Black Milk;46;82604;alternative hip hop,boom bap,detroit hip hop,hip hop,underground hip hop
7c0XG5cIJTrrAgEC3ULPiq;Ty Dolla $ign;88;3250043;hip hop,pop,pop rap,r&b,southern hip hop,trap,trap soul
